ニコバン,,,1,名詞,固有名詞,一般,*,*,*,ニコバン,yomi,hatuonn,(キャラクター)
ポンチョ,,,1,名詞,固有名詞,一般,*,*,*,ポンチョ,yomi,hatuonn,(キャラクター)
リチャード,,,1,名詞,固有名詞,一般,*,*,*,リチャード,yomi,hatuonn,(キャラクター)
ナタリー,,,1,名詞,固有名詞,一般,*,*,*,ナタリー,yomi,hatuonn,(キャラクター)
ペンタ,,,1,名詞,固有名詞,一般,*,*,*,ペンタ,yomi,hatuonn,(キャラクター)
チョコ,,,1,名詞,固有名詞,一般,*,*,*,チョコ,yomi,hatuonn,(キャラクター)
オリバー,,,1,名詞,固有名詞,一般,*,*,*,オリバー,yomi,hatuonn,(キャラクター)
セバスチャン,,,1,名詞,固有名詞,一般,*,*,*,セバスチャン,yomi,hatuonn,(キャラクター)
バズレー,,,1,名詞,固有名詞,一般,*,*,*,バズレー,yomi,hatuonn,(キャラクター)
オカッピ,,,1,名詞,固有名詞,一般,*,*,*,オカッピ,yomi,hatuonn,(キャラクター)
マロン,,,1,名詞,固有名詞,一般,*,*,*,マロン,yomi,hatuonn,(キャラクター)
ジンベイ,,,1,名詞,固有名詞,一般,*,*,*,ジンベイ,yomi,hatuonn,(キャラクター)
チョキ,,,1,名詞,固有名詞,一般,*,*,*,チョキ,yomi,hatuonn,(キャラクター)
ピティエ,,,1,名詞,固有名詞,一般,*,*,*,ピティエ,yomi,hatuonn,(キャラクター)
ちとせ,,,1,名詞,固有名詞,一般,*,*,*,ちとせ,yomi,hatuonn,(キャラクター)
ネーヤ,,,1,名詞,固有名詞,一般,*,*,*,ネーヤ,yomi,hatuonn,(キャラクター)
ちょろきち,,,1,名詞,固有名詞,一般,*,*,*,ちょろきち,yomi,hatuonn,(キャラクター)
エテキチ,,,1,名詞,固有名詞,一般,*,*,*,エテキチ,yomi,hatuonn,(キャラクター)
オパール,,,1,名詞,固有名詞,一般,*,*,*,オパール,yomi,hatuonn,(キャラクター)
ゲンジ,,,1,名詞,固有名詞,一般,*,*,*,ゲンジ,yomi,hatuonn,(キャラクター)
フランソワ,,,1,名詞,固有名詞,一般,*,*,*,フランソワ,yomi,hatuonn,(キャラクター)
ポーラ,,,1,名詞,固有名詞,一般,*,*,*,ポーラ,yomi,hatuonn,(キャラクター)
ユメコ,,,1,名詞,固有名詞,一般,*,*,*,ユメコ,yomi,hatuonn,(キャラクター)
サバンナ,,,1,名詞,固有名詞,一般,*,*,*,サバンナ,yomi,hatuonn,(キャラクター)
ヴァネッサ,,,1,名詞,固有名詞,一般,*,*,*,ヴァネッサ,yomi,hatuonn,(キャラクター)
イッテツ,,,1,名詞,固有名詞,一般,*,*,*,イッテツ,yomi,hatuonn,(キャラクター)
オーロラ,,,1,名詞,固有名詞,一般,*,*,*,オーロラ,yomi,hatuonn,(キャラクター)
サリー,,,1,名詞,固有名詞,一般,*,*,*,サリー,yomi,hatuonn,(キャラクター)
ビス,,,1,名詞,固有名詞,一般,*,*,*,ビス,yomi,hatuonn,(キャラクター)
ゆきみ,,,1,名詞,固有名詞,一般,*,*,*,ゆきみ,yomi,hatuonn,(キャラクター)
マキバスター,,,1,名詞,固有名詞,一般,*,*,*,マキバスター,yomi,hatuonn,(キャラクター)
ピータン,,,1,名詞,固有名詞,一般,*,*,*,ピータン,yomi,hatuonn,(キャラクター)
ジーニョ,,,1,名詞,固有名詞,一般,*,*,*,ジーニョ,yomi,hatuonn,(キャラクター)
オリビア,,,1,名詞,固有名詞,一般,*,*,*,オリビア,yomi,hatuonn,(キャラクター)
レイニー,,,1,名詞,固有名詞,一般,*,*,*,レイニー,yomi,hatuonn,(キャラクター)
チューこ,,,1,名詞,固有名詞,一般,*,*,*,チューこ,yomi,hatuonn,(キャラクター)
みやび,,,1,名詞,固有名詞,一般,*,*,*,みやび,yomi,hatuonn,(キャラクター)
ショーイ,,,1,名詞,固有名詞,一般,*,*,*,ショーイ,yomi,hatuonn,(キャラクター)
コージィ,,,1,名詞,固有名詞,一般,*,*,*,コージィ,yomi,hatuonn,(キャラクター)
アイソトープ,,,1,名詞,固有名詞,一般,*,*,*,アイソトープ,yomi,hatuonn,(キャラクター)
フララ,,,1,名詞,固有名詞,一般,*,*,*,フララ,yomi,hatuonn,(キャラクター)
パッチ,,,1,名詞,固有名詞,一般,*,*,*,パッチ,yomi,hatuonn,(キャラクター)
のりっぺ,,,1,名詞,固有名詞,一般,*,*,*,のりっぺ,yomi,hatuonn,(キャラクター)
タツオ,,,1,名詞,固有名詞,一般,*,*,*,タツオ,yomi,hatuonn,(キャラクター)
ガチャ,,,1,名詞,固有名詞,一般,*,*,*,ガチャ,yomi,hatuonn,(キャラクター)
フリル,,,1,名詞,固有名詞,一般,*,*,*,フリル,yomi,hatuonn,(キャラクター)
ショコラ,,,1,名詞,固有名詞,一般,*,*,*,ショコラ,yomi,hatuonn,(キャラクター)
あるみ,,,1,名詞,固有名詞,一般,*,*,*,あるみ,yomi,hatuonn,(キャラクター)
けん,,,1,名詞,固有名詞,一般,*,*,*,けん,yomi,hatuonn,(キャラクター)
とめ,,,1,名詞,固有名詞,一般,*,*,*,とめ,yomi,hatuonn,(キャラクター)
マグロ,,,1,名詞,固有名詞,一般,*,*,*,マグロ,yomi,hatuonn,(キャラクター)
フラッペ,,,1,名詞,固有名詞,一般,*,*,*,フラッペ,yomi,hatuonn,(キャラクター)
ホッケー,,,1,名詞,固有名詞,一般,*,*,*,ホッケー,yomi,hatuonn,(キャラクター)
クスケチャ,,,1,名詞,固有名詞,一般,*,*,*,クスケチャ,yomi,hatuonn,(キャラクター)
ナッキー,,,1,名詞,固有名詞,一般,*,*,*,ナッキー,yomi,hatuonn,(キャラクター)
ラザニア,,,1,名詞,固有名詞,一般,*,*,*,ラザニア,yomi,hatuonn,(キャラクター)
ハムジ,,,1,名詞,固有名詞,一般,*,*,*,ハムジ,yomi,hatuonn,(キャラクター)
クリス,,,1,名詞,固有名詞,一般,*,*,*,クリス,yomi,hatuonn,(キャラクター)
ブーケ,,,1,名詞,固有名詞,一般,*,*,*,ブーケ,yomi,hatuonn,(キャラクター)
ハナコ,,,1,名詞,固有名詞,一般,*,*,*,ハナコ,yomi,hatuonn,(キャラクター)
やよい,,,1,名詞,固有名詞,一般,*,*,*,やよい,yomi,hatuonn,(キャラクター)
ニッシー,,,1,名詞,固有名詞,一般,*,*,*,ニッシー,yomi,hatuonn,(キャラクター)
ミミィ,,,1,名詞,固有名詞,一般,*,*,*,ミミィ,yomi,hatuonn,(キャラクター)
アンチョビ,,,1,名詞,固有名詞,一般,*,*,*,アンチョビ,yomi,hatuonn,(キャラクター)
ためこ,,,1,名詞,固有名詞,一般,*,*,*,ためこ,yomi,hatuonn,(キャラクター)
ユキ,,,1,名詞,固有名詞,一般,*,*,*,ユキ,yomi,hatuonn,(キャラクター)
カモミ,,,1,名詞,固有名詞,一般,*,*,*,カモミ,yomi,hatuonn,(キャラクター)
タコヤ,,,1,名詞,固有名詞,一般,*,*,*,タコヤ,yomi,hatuonn,(キャラクター)
さくらじま,,,1,名詞,固有名詞,一般,*,*,*,さくらじま,yomi,hatuonn,(キャラクター)
プースケ,,,1,名詞,固有名詞,一般,*,*,*,プースケ,yomi,hatuonn,(キャラクター)
うずまき,,,1,名詞,固有名詞,一般,*,*,*,うずまき,yomi,hatuonn,(キャラクター)
マーサ,,,1,名詞,固有名詞,一般,*,*,*,マーサ,yomi,hatuonn,(キャラクター)
ジュリー,,,1,名詞,固有名詞,一般,*,*,*,ジュリー,yomi,hatuonn,(キャラクター)
トビオ,,,1,名詞,固有名詞,一般,*,*,*,トビオ,yomi,hatuonn,(キャラクター)
アセロラ,,,1,名詞,固有名詞,一般,*,*,*,アセロラ,yomi,hatuonn,(キャラクター)
パティ,,,1,名詞,固有名詞,一般,*,*,*,パティ,yomi,hatuonn,(キャラクター)
みつお,,,1,名詞,固有名詞,一般,*,*,*,みつお,yomi,hatuonn,(キャラクター)
モンこ,,,1,名詞,固有名詞,一般,*,*,*,モンこ,yomi,hatuonn,(キャラクター)
レイチェル,,,1,名詞,固有名詞,一般,*,*,*,レイチェル,yomi,hatuonn,(キャラクター)
エックスエル,,,1,名詞,固有名詞,一般,*,*,*,エックスエル,yomi,hatuonn,(キャラクター)
リリィ,,,1,名詞,固有名詞,一般,*,*,*,リリィ,yomi,hatuonn,(キャラクター)
アーシンド,,,1,名詞,固有名詞,一般,*,*,*,アーシンド,yomi,hatuonn,(キャラクター)
ティファニー,,,1,名詞,固有名詞,一般,*,*,*,ティファニー,yomi,hatuonn,(キャラクター)
マッスル,,,1,名詞,固有名詞,一般,*,*,*,マッスル,yomi,hatuonn,(キャラクター)
ドレミ,,,1,名詞,固有名詞,一般,*,*,*,ドレミ,yomi,hatuonn,(キャラクター)
ラムネ,,,1,名詞,固有名詞,一般,*,*,*,ラムネ,yomi,hatuonn,(キャラクター)
トロワ,,,1,名詞,固有名詞,一般,*,*,*,トロワ,yomi,hatuonn,(キャラクター)
ガブリエル,,,1,名詞,固有名詞,一般,*,*,*,ガブリエル,yomi,hatuonn,(キャラクター)
みかっち,,,1,名詞,固有名詞,一般,*,*,*,みかっち,yomi,hatuonn,(キャラクター)
クマロス,,,1,名詞,固有名詞,一般,*,*,*,クマロス,yomi,hatuonn,(キャラクター)
ラムール,,,1,名詞,固有名詞,一般,*,*,*,ラムール,yomi,hatuonn,(キャラクター)
エイプリル,,,1,名詞,固有名詞,一般,*,*,*,エイプリル,yomi,hatuonn,(キャラクター)
モヘア,,,1,名詞,固有名詞,一般,*,*,*,モヘア,yomi,hatuonn,(キャラクター)
ヴァヤシコフ,,,1,名詞,固有名詞,一般,*,*,*,ヴァヤシコフ,yomi,hatuonn,(キャラクター)
ペーター,,,1,名詞,固有名詞,一般,*,*,*,ペーター,yomi,hatuonn,(キャラクター)
ダルマン,,,1,名詞,固有名詞,一般,*,*,*,ダルマン,yomi,hatuonn,(キャラクター)
グレオ,,,1,名詞,固有名詞,一般,*,*,*,グレオ,yomi,hatuonn,(キャラクター)
アンヌ,,,1,名詞,固有名詞,一般,*,*,*,アンヌ,yomi,hatuonn,(キャラクター)
アクリル,,,1,名詞,固有名詞,一般,*,*,*,アクリル,yomi,hatuonn,(キャラクター)
シェリー,,,1,名詞,固有名詞,一般,*,*,*,シェリー,yomi,hatuonn,(キャラクター)
ビンタ,,,1,名詞,固有名詞,一般,*,*,*,ビンタ,yomi,hatuonn,(キャラクター)
アデレード,,,1,名詞,固有名詞,一般,*,*,*,アデレード,yomi,hatuonn,(キャラクター)
かんゆ,,,1,名詞,固有名詞,一般,*,*,*,かんゆ,yomi,hatuonn,(キャラクター)
4ごう,,,1,名詞,固有名詞,一般,*,*,*,4ごう,yomi,hatuonn,(キャラクター)
メリヤス,,,1,名詞,固有名詞,一般,*,*,*,メリヤス,yomi,hatuonn,(キャラクター)
チャーミー,,,1,名詞,固有名詞,一般,*,*,*,チャーミー,yomi,hatuonn,(キャラクター)
レイコ,,,1,名詞,固有名詞,一般,*,*,*,レイコ,yomi,hatuonn,(キャラクター)
ジュペッティ,,,1,名詞,固有名詞,一般,*,*,*,ジュペッティ,yomi,hatuonn,(キャラクター)
モーリス,,,1,名詞,固有名詞,一般,*,*,*,モーリス,yomi,hatuonn,(キャラクター)
アグネス,,,1,名詞,固有名詞,一般,*,*,*,アグネス,yomi,hatuonn,(キャラクター)
ヒノコ,,,1,名詞,固有名詞,一般,*,*,*,ヒノコ,yomi,hatuonn,(キャラクター)
ミランダ,,,1,名詞,固有名詞,一般,*,*,*,ミランダ,yomi,hatuonn,(キャラクター)
カンロク,,,1,名詞,固有名詞,一般,*,*,*,カンロク,yomi,hatuonn,(キャラクター)
あんこ,,,1,名詞,固有名詞,一般,*,*,*,あんこ,yomi,hatuonn,(キャラクター)
イノッチ,,,1,名詞,固有名詞,一般,*,*,*,イノッチ,yomi,hatuonn,(キャラクター)
ちょい,,,1,名詞,固有名詞,一般,*,*,*,ちょい,yomi,hatuonn,(キャラクター)
ドミグラ,,,1,名詞,固有名詞,一般,*,*,*,ドミグラ,yomi,hatuonn,(キャラクター)
テッチャン,,,1,名詞,固有名詞,一般,*,*,*,テッチャン,yomi,hatuonn,(キャラクター)
セルバンテス,,,1,名詞,固有名詞,一般,*,*,*,セルバンテス,yomi,hatuonn,(キャラクター)
デースケ,,,1,名詞,固有名詞,一般,*,*,*,デースケ,yomi,hatuonn,(キャラクター)
ミント,,,1,名詞,固有名詞,一般,*,*,*,ミント,yomi,hatuonn,(キャラクター)
シルビア,,,1,名詞,固有名詞,一般,*,*,*,シルビア,yomi,hatuonn,(キャラクター)
ナディア,,,1,名詞,固有名詞,一般,*,*,*,ナディア,yomi,hatuonn,(キャラクター)
パオロ,,,1,名詞,固有名詞,一般,*,*,*,パオロ,yomi,hatuonn,(キャラクター)
くるぶし,,,1,名詞,固有名詞,一般,*,*,*,くるぶし,yomi,hatuonn,(キャラクター)
ドングリ,,,1,名詞,固有名詞,一般,*,*,*,ドングリ,yomi,hatuonn,(キャラクター)
カルロス,,,1,名詞,固有名詞,一般,*,*,*,カルロス,yomi,hatuonn,(キャラクター)
リリアン,,,1,名詞,固有名詞,一般,*,*,*,リリアン,yomi,hatuonn,(キャラクター)
カルピ,,,1,名詞,固有名詞,一般,*,*,*,カルピ,yomi,hatuonn,(キャラクター)
ハンナ,,,1,名詞,固有名詞,一般,*,*,*,ハンナ,yomi,hatuonn,(キャラクター)
エクレア,,,1,名詞,固有名詞,一般,*,*,*,エクレア,yomi,hatuonn,(キャラクター)
ロビン,,,1,名詞,固有名詞,一般,*,*,*,ロビン,yomi,hatuonn,(キャラクター)
キャンベラ,,,1,名詞,固有名詞,一般,*,*,*,キャンベラ,yomi,hatuonn,(キャラクター)
ヒョウタ,,,1,名詞,固有名詞,一般,*,*,*,ヒョウタ,yomi,hatuonn,(キャラクター)
ダイク,,,1,名詞,固有名詞,一般,*,*,*,ダイク,yomi,hatuonn,(キャラクター)
アリゲッティ,,,1,名詞,固有名詞,一般,*,*,*,アリゲッティ,yomi,hatuonn,(キャラクター)
ジャスミン,,,1,名詞,固有名詞,一般,*,*,*,ジャスミン,yomi,hatuonn,(キャラクター)
アントニオ,,,1,名詞,固有名詞,一般,*,*,*,アントニオ,yomi,hatuonn,(キャラクター)
ボルシチ,,,1,名詞,固有名詞,一般,*,*,*,ボルシチ,yomi,hatuonn,(キャラクター)
メイ,,,1,名詞,固有名詞,一般,*,*,*,メイ,yomi,hatuonn,(キャラクター)
アンソニー,,,1,名詞,固有名詞,一般,*,*,*,アンソニー,yomi,hatuonn,(キャラクター)
ちえり,,,1,名詞,固有名詞,一般,*,*,*,ちえり,yomi,hatuonn,(キャラクター)
デリー,,,1,名詞,固有名詞,一般,*,*,*,デリー,yomi,hatuonn,(キャラクター)
ボン,,,1,名詞,固有名詞,一般,*,*,*,ボン,yomi,hatuonn,(キャラクター)
ブルース,,,1,名詞,固有名詞,一般,*,*,*,ブルース,yomi,hatuonn,(キャラクター)
ヤマト,,,1,名詞,固有名詞,一般,*,*,*,ヤマト,yomi,hatuonn,(キャラクター)
おさい,,,1,名詞,固有名詞,一般,*,*,*,おさい,yomi,hatuonn,(キャラクター)
たま,,,1,名詞,固有名詞,一般,*,*,*,たま,yomi,hatuonn,(キャラクター)
ハムスケ,,,1,名詞,固有名詞,一般,*,*,*,ハムスケ,yomi,hatuonn,(キャラクター)
マリア,,,1,名詞,固有名詞,一般,*,*,*,マリア,yomi,hatuonn,(キャラクター)
フランク,,,1,名詞,固有名詞,一般,*,*,*,フランク,yomi,hatuonn,(キャラクター)
ルーシー,,,1,名詞,固有名詞,一般,*,*,*,ルーシー,yomi,hatuonn,(キャラクター)
リッキー,,,1,名詞,固有名詞,一般,*,*,*,リッキー,yomi,hatuonn,(キャラクター)
フルメタル,,,1,名詞,固有名詞,一般,*,*,*,フルメタル,yomi,hatuonn,(キャラクター)
カックン,,,1,名詞,固有名詞,一般,*,*,*,カックン,yomi,hatuonn,(キャラクター)
ネルソン,,,1,名詞,固有名詞,一般,*,*,*,ネルソン,yomi,hatuonn,(キャラクター)
ももこ,,,1,名詞,固有名詞,一般,*,*,*,ももこ,yomi,hatuonn,(キャラクター)
アルベルト,,,1,名詞,固有名詞,一般,*,*,*,アルベルト,yomi,hatuonn,(キャラクター)
ベン,,,1,名詞,固有名詞,一般,*,*,*,ベン,yomi,hatuonn,(キャラクター)
きんぞう,,,1,名詞,固有名詞,一般,*,*,*,きんぞう,yomi,hatuonn,(キャラクター)
マルコ,,,1,名詞,固有名詞,一般,*,*,*,マルコ,yomi,hatuonn,(キャラクター)
マモル,,,1,名詞,固有名詞,一般,*,*,*,マモル,yomi,hatuonn,(キャラクター)
ロッタ,,,1,名詞,固有名詞,一般,*,*,*,ロッタ,yomi,hatuonn,(キャラクター)
メープル,,,1,名詞,固有名詞,一般,*,*,*,メープル,yomi,hatuonn,(キャラクター)
シュバルツ,,,1,名詞,固有名詞,一般,*,*,*,シュバルツ,yomi,hatuonn,(キャラクター)
スクワット,,,1,名詞,固有名詞,一般,*,*,*,スクワット,yomi,hatuonn,(キャラクター)
ヒャクパー,,,1,名詞,固有名詞,一般,*,*,*,ヒャクパー,yomi,hatuonn,(キャラクター)
ペリーヌ,,,1,名詞,固有名詞,一般,*,*,*,ペリーヌ,yomi,hatuonn,(キャラクター)
ララミー,,,1,名詞,固有名詞,一般,*,*,*,ララミー,yomi,hatuonn,(キャラクター)
グラハム,,,1,名詞,固有名詞,一般,*,*,*,グラハム,yomi,hatuonn,(キャラクター)
シドニー,,,1,名詞,固有名詞,一般,*,*,*,シドニー,yomi,hatuonn,(キャラクター)
ジョッキー,,,1,名詞,固有名詞,一般,*,*,*,ジョッキー,yomi,hatuonn,(キャラクター)
アネッサ,,,1,名詞,固有名詞,一般,*,*,*,アネッサ,yomi,hatuonn,(キャラクター)
グルミン,,,1,名詞,固有名詞,一般,*,*,*,グルミン,yomi,hatuonn,(キャラクター)
フォアグラ,,,1,名詞,固有名詞,一般,*,*,*,フォアグラ,yomi,hatuonn,(キャラクター)
タコリーナ,,,1,名詞,固有名詞,一般,*,*,*,タコリーナ,yomi,hatuonn,(キャラクター)
まりも,,,1,名詞,固有名詞,一般,*,*,*,まりも,yomi,hatuonn,(キャラクター)
やさお,,,1,名詞,固有名詞,一般,*,*,*,やさお,yomi,hatuonn,(キャラクター)
さっち,,,1,名詞,固有名詞,一般,*,*,*,さっち,yomi,hatuonn,(キャラクター)
アチョット,,,1,名詞,固有名詞,一般,*,*,*,アチョット,yomi,hatuonn,(キャラクター)
ブロッコリー,,,1,名詞,固有名詞,一般,*,*,*,ブロッコリー,yomi,hatuonn,(キャラクター)
ガンテツ,,,1,名詞,固有名詞,一般,*,*,*,ガンテツ,yomi,hatuonn,(キャラクター)
2ごう,,,1,名詞,固有名詞,一般,*,*,*,2ごう,yomi,hatuonn,(キャラクター)
シルエット,,,1,名詞,固有名詞,一般,*,*,*,シルエット,yomi,hatuonn,(キャラクター)
アポロ,,,1,名詞,固有名詞,一般,*,*,*,アポロ,yomi,hatuonn,(キャラクター)
ピース,,,1,名詞,固有名詞,一般,*,*,*,ピース,yomi,hatuonn,(キャラクター)
ミラコ,,,1,名詞,固有名詞,一般,*,*,*,ミラコ,yomi,hatuonn,(キャラクター)
サラ,,,1,名詞,固有名詞,一般,*,*,*,サラ,yomi,hatuonn,(キャラクター)
クワトロ,,,1,名詞,固有名詞,一般,*,*,*,クワトロ,yomi,hatuonn,(キャラクター)
ストロー,,,1,名詞,固有名詞,一般,*,*,*,ストロー,yomi,hatuonn,(キャラクター)
スパーク,,,1,名詞,固有名詞,一般,*,*,*,スパーク,yomi,hatuonn,(キャラクター)
リック,,,1,名詞,固有名詞,一般,*,*,*,リック,yomi,hatuonn,(キャラクター)
セントアロー,,,1,名詞,固有名詞,一般,*,*,*,セントアロー,yomi,hatuonn,(キャラクター)
ピッコロ,,,1,名詞,固有名詞,一般,*,*,*,ピッコロ,yomi,hatuonn,(キャラクター)
ピーチク,,,1,名詞,固有名詞,一般,*,*,*,ピーチク,yomi,hatuonn,(キャラクター)
ヒュージ,,,1,名詞,固有名詞,一般,*,*,*,ヒュージ,yomi,hatuonn,(キャラクター)
キャロライン,,,1,名詞,固有名詞,一般,*,*,*,キャロライン,yomi,hatuonn,(キャラクター)
ウェンディ,,,1,名詞,固有名詞,一般,*,*,*,ウェンディ,yomi,hatuonn,(キャラクター)
ツバクロ,,,1,名詞,固有名詞,一般,*,*,*,ツバクロ,yomi,hatuonn,(キャラクター)
タイシ,,,1,名詞,固有名詞,一般,*,*,*,タイシ,yomi,hatuonn,(キャラクター)
ガリガリ,,,1,名詞,固有名詞,一般,*,*,*,ガリガリ,yomi,hatuonn,(キャラクター)
ユーカリ,,,1,名詞,固有名詞,一般,*,*,*,ユーカリ,yomi,hatuonn,(キャラクター)
カール,,,1,名詞,固有名詞,一般,*,*,*,カール,yomi,hatuonn,(キャラクター)
チャウヤン,,,1,名詞,固有名詞,一般,*,*,*,チャウヤン,yomi,hatuonn,(キャラクター)
キング,,,1,名詞,固有名詞,一般,*,*,*,キング,yomi,hatuonn,(キャラクター)
サンデー,,,1,名詞,固有名詞,一般,*,*,*,サンデー,yomi,hatuonn,(キャラクター)
サントス,,,1,名詞,固有名詞,一般,*,*,*,サントス,yomi,hatuonn,(キャラクター)
ふみたろう,,,1,名詞,固有名詞,一般,*,*,*,ふみたろう,yomi,hatuonn,(キャラクター)
ハムカツ,,,1,名詞,固有名詞,一般,*,*,*,ハムカツ,yomi,hatuonn,(キャラクター)
ケチャップ,,,1,名詞,固有名詞,一般,*,*,*,ケチャップ,yomi,hatuonn,(キャラクター)
チャック,,,1,名詞,固有名詞,一般,*,*,*,チャック,yomi,hatuonn,(キャラクター)
トンコ,,,1,名詞,固有名詞,一般,*,*,*,トンコ,yomi,hatuonn,(キャラクター)
ライオネル,,,1,名詞,固有名詞,一般,*,*,*,ライオネル,yomi,hatuonn,(キャラクター)
ハルク,,,1,名詞,固有名詞,一般,*,*,*,ハルク,yomi,hatuonn,(キャラクター)
ジュリア,,,1,名詞,固有名詞,一般,*,*,*,ジュリア,yomi,hatuonn,(キャラクター)
ムー,,,1,名詞,固有名詞,一般,*,*,*,ムー,yomi,hatuonn,(キャラクター)
1ごう,,,1,名詞,固有名詞,一般,*,*,*,1ごう,yomi,hatuonn,(キャラクター)
ガビ,,,1,名詞,固有名詞,一般,*,*,*,ガビ,yomi,hatuonn,(キャラクター)
タンボ,,,1,名詞,固有名詞,一般,*,*,*,タンボ,yomi,hatuonn,(キャラクター)
ハチ,,,1,名詞,固有名詞,一般,*,*,*,ハチ,yomi,hatuonn,(キャラクター)
トミ,,,1,名詞,固有名詞,一般,*,*,*,トミ,yomi,hatuonn,(キャラクター)
グミ,,,1,名詞,固有名詞,一般,*,*,*,グミ,yomi,hatuonn,(キャラクター)
パンタ,,,1,名詞,固有名詞,一般,*,*,*,パンタ,yomi,hatuonn,(キャラクター)
ホウサク,,,1,名詞,固有名詞,一般,*,*,*,ホウサク,yomi,hatuonn,(キャラクター)
アーサー,,,1,名詞,固有名詞,一般,*,*,*,アーサー,yomi,hatuonn,(キャラクター)
グラさん,,,1,名詞,固有名詞,一般,*,*,*,グラさん,yomi,hatuonn,(キャラクター)
シャンティ,,,1,名詞,固有名詞,一般,*,*,*,シャンティ,yomi,hatuonn,(キャラクター)
アマミン,,,1,名詞,固有名詞,一般,*,*,*,アマミン,yomi,hatuonn,(キャラクター)
リンダ,,,1,名詞,固有名詞,一般,*,*,*,リンダ,yomi,hatuonn,(キャラクター)
スワンソン,,,1,名詞,固有名詞,一般,*,*,*,スワンソン,yomi,hatuonn,(キャラクター)
トラこ,,,1,名詞,固有名詞,一般,*,*,*,トラこ,yomi,hatuonn,(キャラクター)
ティーチャー,,,1,名詞,固有名詞,一般,*,*,*,ティーチャー,yomi,hatuonn,(キャラクター)
ジャン,,,1,名詞,固有名詞,一般,*,*,*,ジャン,yomi,hatuonn,(キャラクター)
みぞれ,,,1,名詞,固有名詞,一般,*,*,*,みぞれ,yomi,hatuonn,(キャラクター)
バッカス,,,1,名詞,固有名詞,一般,*,*,*,バッカス,yomi,hatuonn,(キャラクター)
アセクサ,,,1,名詞,固有名詞,一般,*,*,*,アセクサ,yomi,hatuonn,(キャラクター)
ゴンザレス,,,1,名詞,固有名詞,一般,*,*,*,ゴンザレス,yomi,hatuonn,(キャラクター)
ハリマオ,,,1,名詞,固有名詞,一般,*,*,*,ハリマオ,yomi,hatuonn,(キャラクター)
メルボルン,,,1,名詞,固有名詞,一般,*,*,*,メルボルン,yomi,hatuonn,(キャラクター)
トムソン,,,1,名詞,固有名詞,一般,*,*,*,トムソン,yomi,hatuonn,(キャラクター)
サム,,,1,名詞,固有名詞,一般,*,*,*,サム,yomi,hatuonn,(キャラクター)
チョモラン,,,1,名詞,固有名詞,一般,*,*,*,チョモラン,yomi,hatuonn,(キャラクター)
チッチ,,,1,名詞,固有名詞,一般,*,*,*,チッチ,yomi,hatuonn,(キャラクター)
ジャコテン,,,1,名詞,固有名詞,一般,*,*,*,ジャコテン,yomi,hatuonn,(キャラクター)
スミ,,,1,名詞,固有名詞,一般,*,*,*,スミ,yomi,hatuonn,(キャラクター)
まきば,,,1,名詞,固有名詞,一般,*,*,*,まきば,yomi,hatuonn,(キャラクター)
ゴメス,,,1,名詞,固有名詞,一般,*,*,*,ゴメス,yomi,hatuonn,(キャラクター)
ルーズ,,,1,名詞,固有名詞,一般,*,*,*,ルーズ,yomi,hatuonn,(キャラクター)
クリスチーヌ,,,1,名詞,固有名詞,一般,*,*,*,クリスチーヌ,yomi,hatuonn,(キャラクター)
ビリー,,,1,名詞,固有名詞,一般,*,*,*,ビリー,yomi,hatuonn,(キャラクター)
アイリス,,,1,名詞,固有名詞,一般,*,*,*,アイリス,yomi,hatuonn,(キャラクター)
ウズメ,,,1,名詞,固有名詞,一般,*,*,*,ウズメ,yomi,hatuonn,(キャラクター)
レイラ,,,1,名詞,固有名詞,一般,*,*,*,レイラ,yomi,hatuonn,(キャラクター)
マーガレット,,,1,名詞,固有名詞,一般,*,*,*,マーガレット,yomi,hatuonn,(キャラクター)
ポーク,,,1,名詞,固有名詞,一般,*,*,*,ポーク,yomi,hatuonn,(キャラクター)
パセリ,,,1,名詞,固有名詞,一般,*,*,*,パセリ,yomi,hatuonn,(キャラクター)
ふくこ,,,1,名詞,固有名詞,一般,*,*,*,ふくこ,yomi,hatuonn,(キャラクター)
アラン,,,1,名詞,固有名詞,一般,*,*,*,アラン,yomi,hatuonn,(キャラクター)
はじめ,,,1,名詞,固有名詞,一般,*,*,*,はじめ,yomi,hatuonn,(キャラクター)
キッズ,,,1,名詞,固有名詞,一般,*,*,*,キッズ,yomi,hatuonn,(キャラクター)
タンタン,,,1,名詞,固有名詞,一般,*,*,*,タンタン,yomi,hatuonn,(キャラクター)
レベッカ,,,1,名詞,固有名詞,一般,*,*,*,レベッカ,yomi,hatuonn,(キャラクター)
ダンベル,,,1,名詞,固有名詞,一般,*,*,*,ダンベル,yomi,hatuonn,(キャラクター)
まんたろう,,,1,名詞,固有名詞,一般,*,*,*,まんたろう,yomi,hatuonn,(キャラクター)
ピン,,,1,名詞,固有名詞,一般,*,*,*,ピン,yomi,hatuonn,(キャラクター)
カジロウ,,,1,名詞,固有名詞,一般,*,*,*,カジロウ,yomi,hatuonn,(キャラクター)
れんにゅう,,,1,名詞,固有名詞,一般,*,*,*,れんにゅう,yomi,hatuonn,(キャラクター)
キザノホマレ,,,1,名詞,固有名詞,一般,*,*,*,キザノホマレ,yomi,hatuonn,(キャラクター)
ビアンカ,,,1,名詞,固有名詞,一般,*,*,*,ビアンカ,yomi,hatuonn,(キャラクター)
チャコ,,,1,名詞,固有名詞,一般,*,*,*,チャコ,yomi,hatuonn,(キャラクター)
ジェシカ,,,1,名詞,固有名詞,一般,*,*,*,ジェシカ,yomi,hatuonn,(キャラクター)
いさこ,,,1,名詞,固有名詞,一般,*,*,*,いさこ,yomi,hatuonn,(キャラクター)
おくたろう,,,1,名詞,固有名詞,一般,*,*,*,おくたろう,yomi,hatuonn,(キャラクター)
ヘンリー,,,1,名詞,固有名詞,一般,*,*,*,ヘンリー,yomi,hatuonn,(キャラクター)
ナイル,,,1,名詞,固有名詞,一般,*,*,*,ナイル,yomi,hatuonn,(キャラクター)
トキオ,,,1,名詞,固有名詞,一般,*,*,*,トキオ,yomi,hatuonn,(キャラクター)
アップル,,,1,名詞,固有名詞,一般,*,*,*,アップル,yomi,hatuonn,(キャラクター)
マール,,,1,名詞,固有名詞,一般,*,*,*,マール,yomi,hatuonn,(キャラクター)
たいへいた,,,1,名詞,固有名詞,一般,*,*,*,たいへいた,yomi,hatuonn,(キャラクター)
ベアード,,,1,名詞,固有名詞,一般,*,*,*,ベアード,yomi,hatuonn,(キャラクター)
アイダホ,,,1,名詞,固有名詞,一般,*,*,*,アイダホ,yomi,hatuonn,(キャラクター)
ジュン,,,1,名詞,固有名詞,一般,*,*,*,ジュン,yomi,hatuonn,(キャラクター)
ジェーン,,,1,名詞,固有名詞,一般,*,*,*,ジェーン,yomi,hatuonn,(キャラクター)
ボイド,,,1,名詞,固有名詞,一般,*,*,*,ボイド,yomi,hatuonn,(キャラクター)
アイーダ,,,1,名詞,固有名詞,一般,*,*,*,アイーダ,yomi,hatuonn,(キャラクター)
3ごう,,,1,名詞,固有名詞,一般,*,*,*,3ごう,yomi,hatuonn,(キャラクター)
ケンタ,,,1,名詞,固有名詞,一般,*,*,*,ケンタ,yomi,hatuonn,(キャラクター)
サブレ,,,1,名詞,固有名詞,一般,*,*,*,サブレ,yomi,hatuonn,(キャラクター)
エーミー,,,1,名詞,固有名詞,一般,*,*,*,エーミー,yomi,hatuonn,(キャラクター)
ボルト,,,1,名詞,固有名詞,一般,*,*,*,ボルト,yomi,hatuonn,(キャラクター)
ハカセ,,,1,名詞,固有名詞,一般,*,*,*,ハカセ,yomi,hatuonn,(キャラクター)
キャビア,,,1,名詞,固有名詞,一般,*,*,*,キャビア,yomi,hatuonn,(キャラクター)
ドク,,,1,名詞,固有名詞,一般,*,*,*,ドク,yomi,hatuonn,(キャラクター)
ぺしみち,,,1,名詞,固有名詞,一般,*,*,*,ぺしみち,yomi,hatuonn,(キャラクター)
アップリケ,,,1,名詞,固有名詞,一般,*,*,*,アップリケ,yomi,hatuonn,(キャラクター)
パタヤ,,,1,名詞,固有名詞,一般,*,*,*,パタヤ,yomi,hatuonn,(キャラクター)
オズモンド,,,1,名詞,固有名詞,一般,*,*,*,オズモンド,yomi,hatuonn,(キャラクター)
ゴンゾー,,,1,名詞,固有名詞,一般,*,*,*,ゴンゾー,yomi,hatuonn,(キャラクター)
トンファン,,,1,名詞,固有名詞,一般,*,*,*,トンファン,yomi,hatuonn,(キャラクター)
しもやけ,,,1,名詞,固有名詞,一般,*,*,*,しもやけ,yomi,hatuonn,(キャラクター)
ベーグル,,,1,名詞,固有名詞,一般,*,*,*,ベーグル,yomi,hatuonn,(キャラクター)
ディビット,,,1,名詞,固有名詞,一般,*,*,*,ディビット,yomi,hatuonn,(キャラクター)
サブリナ,,,1,名詞,固有名詞,一般,*,*,*,サブリナ,yomi,hatuonn,(キャラクター)
らっきょ,,,1,名詞,固有名詞,一般,*,*,*,らっきょ,yomi,hatuonn,(キャラクター)
たもつ,,,1,名詞,固有名詞,一般,*,*,*,たもつ,yomi,hatuonn,(キャラクター)
どぐろう,,,1,名詞,固有名詞,一般,*,*,*,どぐろう,yomi,hatuonn,(キャラクター)
マコト,,,1,名詞,固有名詞,一般,*,*,*,マコト,yomi,hatuonn,(キャラクター)
ラン,,,1,名詞,固有名詞,一般,*,*,*,ラン,yomi,hatuonn,(キャラクター)
つかさ,,,1,名詞,固有名詞,一般,*,*,*,つかさ,yomi,hatuonn,(キャラクター)
もんぺ,,,1,名詞,固有名詞,一般,*,*,*,もんぺ,yomi,hatuonn,(キャラクター)
クロー,,,1,名詞,固有名詞,一般,*,*,*,クロー,yomi,hatuonn,(キャラクター)
こまち,,,1,名詞,固有名詞,一般,*,*,*,こまち,yomi,hatuonn,(キャラクター)
カサンドラ,,,1,名詞,固有名詞,一般,*,*,*,カサンドラ,yomi,hatuonn,(キャラクター)
ブレンダ,,,1,名詞,固有名詞,一般,*,*,*,ブレンダ,yomi,hatuonn,(キャラクター)
ロッキー,,,1,名詞,固有名詞,一般,*,*,*,ロッキー,yomi,hatuonn,(キャラクター)
エスメラルダ,,,1,名詞,固有名詞,一般,*,*,*,エスメラルダ,yomi,hatuonn,(キャラクター)
モサキチ,,,1,名詞,固有名詞,一般,*,*,*,モサキチ,yomi,hatuonn,(キャラクター)
ロデオ,,,1,名詞,固有名詞,一般,*,*,*,ロデオ,yomi,hatuonn,(キャラクター)
カマボコ,,,1,名詞,固有名詞,一般,*,*,*,カマボコ,yomi,hatuonn,(キャラクター)
ジョン,,,1,名詞,固有名詞,一般,*,*,*,ジョン,yomi,hatuonn,(キャラクター)
のりまき,,,1,名詞,固有名詞,一般,*,*,*,のりまき,yomi,hatuonn,(キャラクター)
モモチ,,,1,名詞,固有名詞,一般,*,*,*,モモチ,yomi,hatuonn,(キャラクター)
ラッキー,,,1,名詞,固有名詞,一般,*,*,*,ラッキー,yomi,hatuonn,(キャラクター)
ブンジロウ,,,1,名詞,固有名詞,一般,*,*,*,ブンジロウ,yomi,hatuonn,(キャラクター)
ダリー,,,1,名詞,固有名詞,一般,*,*,*,ダリー,yomi,hatuonn,(キャラクター)
タケル,,,1,名詞,固有名詞,一般,*,*,*,タケル,yomi,hatuonn,(キャラクター)
クロコ,,,1,名詞,固有名詞,一般,*,*,*,クロコ,yomi,hatuonn,(キャラクター)
パトラ,,,1,名詞,固有名詞,一般,*,*,*,パトラ,yomi,hatuonn,(キャラクター)
ジミー,,,1,名詞,固有名詞,一般,*,*,*,ジミー,yomi,hatuonn,(キャラクター)
チャンプ,,,1,名詞,固有名詞,一般,*,*,*,チャンプ,yomi,hatuonn,(キャラクター)
アザラク,,,1,名詞,固有名詞,一般,*,*,*,アザラク,yomi,hatuonn,(キャラクター)
タキュ,,,1,名詞,固有名詞,一般,*,*,*,タキュ,yomi,hatuonn,(キャラクター)
ブリトニー,,,1,名詞,固有名詞,一般,*,*,*,ブリトニー,yomi,hatuonn,(キャラクター)
ハイド,,,1,名詞,固有名詞,一般,*,*,*,ハイド,yomi,hatuonn,(キャラクター)
バニラ,,,1,名詞,固有名詞,一般,*,*,*,バニラ,yomi,hatuonn,(キャラクター)
スミモモ,,,1,名詞,固有名詞,一般,*,*,*,スミモモ,yomi,hatuonn,(キャラクター)
ティーナ,,,1,名詞,固有名詞,一般,*,*,*,ティーナ,yomi,hatuonn,(キャラクター)
アンデス,,,1,名詞,固有名詞,一般,*,*,*,アンデス,yomi,hatuonn,(キャラクター)
ちゅんのすけ,,,1,名詞,固有名詞,一般,*,*,*,ちゅんのすけ,yomi,hatuonn,(キャラクター)
さすけ,,,1,名詞,固有名詞,一般,*,*,*,さすけ,yomi,hatuonn,(キャラクター)
マリリン,,,1,名詞,固有名詞,一般,*,*,*,マリリン,yomi,hatuonn,(キャラクター)
キンカク,,,1,名詞,固有名詞,一般,*,*,*,キンカク,yomi,hatuonn,(キャラクター)
ボブ,,,1,名詞,固有名詞,一般,*,*,*,ボブ,yomi,hatuonn,(キャラクター)
ロボ,,,1,名詞,固有名詞,一般,*,*,*,ロボ,yomi,hatuonn,(キャラクター)
マリー,,,1,名詞,固有名詞,一般,*,*,*,マリー,yomi,hatuonn,(キャラクター)
ケイン,,,1,名詞,固有名詞,一般,*,*,*,ケイン,yomi,hatuonn,(キャラクター)
ドサコ,,,1,名詞,固有名詞,一般,*,*,*,ドサコ,yomi,hatuonn,(キャラクター)
かぶきち,,,1,名詞,固有名詞,一般,*,*,*,かぶきち,yomi,hatuonn,(キャラクター)
ナターシャ,,,1,名詞,固有名詞,一般,*,*,*,ナターシャ,yomi,hatuonn,(キャラクター)
マイク,,,1,名詞,固有名詞,一般,*,*,*,マイク,yomi,hatuonn,(キャラクター)
ヘルツ,,,1,名詞,固有名詞,一般,*,*,*,ヘルツ,yomi,hatuonn,(キャラクター)
シルブプレ,,,1,名詞,固有名詞,一般,*,*,*,シルブプレ,yomi,hatuonn,(キャラクター)
ビネガー,,,1,名詞,固有名詞,一般,*,*,*,ビネガー,yomi,hatuonn,(キャラクター)
パーチク,,,1,名詞,固有名詞,一般,*,*,*,パーチク,yomi,hatuonn,(キャラクター)
スナイル,,,1,名詞,固有名詞,一般,*,*,*,スナイル,yomi,hatuonn,(キャラクター)
マミィ,,,1,名詞,固有名詞,一般,*,*,*,マミィ,yomi,hatuonn,(キャラクター)
リカルド,,,1,名詞,固有名詞,一般,*,*,*,リカルド,yomi,hatuonn,(キャラクター)
サルモンティ,,,1,名詞,固有名詞,一般,*,*,*,サルモンティ,yomi,hatuonn,(キャラクター)
ひでよし,,,1,名詞,固有名詞,一般,*,*,*,ひでよし,yomi,hatuonn,(キャラクター)
エレフィン,,,1,名詞,固有名詞,一般,*,*,*,エレフィン,yomi,hatuonn,(キャラクター)
アリア,,,1,名詞,固有名詞,一般,*,*,*,アリア,yomi,hatuonn,(キャラクター)
バンタム,,,1,名詞,固有名詞,一般,*,*,*,バンタム,yomi,hatuonn,(キャラクター)
ギンカク,,,1,名詞,固有名詞,一般,*,*,*,ギンカク,yomi,hatuonn,(キャラクター)
マスカラス,,,1,名詞,固有名詞,一般,*,*,*,マスカラス,yomi,hatuonn,(キャラクター)
コユキ,,,1,名詞,固有名詞,一般,*,*,*,コユキ,yomi,hatuonn,(キャラクター)
ツンドラ,,,1,名詞,固有名詞,一般,*,*,*,ツンドラ,yomi,hatuonn,(キャラクター)
チーズ,,,1,名詞,固有名詞,一般,*,*,*,チーズ,yomi,hatuonn,(キャラクター)
ペチカ,,,1,名詞,固有名詞,一般,*,*,*,ペチカ,yomi,hatuonn,(キャラクター)
ハルマキ,,,1,名詞,固有名詞,一般,*,*,*,ハルマキ,yomi,hatuonn,(キャラクター)
シベリア,,,1,名詞,固有名詞,一般,*,*,*,シベリア,yomi,hatuonn,(キャラクター)
チーフ,,,1,名詞,固有名詞,一般,*,*,*,チーフ,yomi,hatuonn,(キャラクター)
チャス,,,1,名詞,固有名詞,一般,*,*,*,チャス,yomi,hatuonn,(キャラクター)
しのぶ,,,1,名詞,固有名詞,一般,*,*,*,しのぶ,yomi,hatuonn,(キャラクター)
タックン,,,1,名詞,固有名詞,一般,*,*,*,タックン,yomi,hatuonn,(キャラクター)
クロベエ,,,1,名詞,固有名詞,一般,*,*,*,クロベエ,yomi,hatuonn,(キャラクター)
ルナ,,,1,名詞,固有名詞,一般,*,*,*,ルナ,yomi,hatuonn,(キャラクター)
バーバラ,,,1,名詞,固有名詞,一般,*,*,*,バーバラ,yomi,hatuonn,(キャラクター)
キャラメル,,,1,名詞,固有名詞,一般,*,*,*,キャラメル,yomi,hatuonn,(キャラクター)
イザベラ,,,1,名詞,固有名詞,一般,*,*,*,イザベラ,yomi,hatuonn,(キャラクター)
ノルマン,,,1,名詞,固有名詞,一般,*,*,*,ノルマン,yomi,hatuonn,(キャラクター)
のりお,,,1,名詞,固有名詞,一般,*,*,*,のりお,yomi,hatuonn,(キャラクター)
クッチャネ,,,1,名詞,固有名詞,一般,*,*,*,クッチャネ,yomi,hatuonn,(キャラクター)
もんじゃ,,,1,名詞,固有名詞,一般,*,*,*,もんじゃ,yomi,hatuonn,(キャラクター)
モニカ,,,1,名詞,固有名詞,一般,*,*,*,モニカ,yomi,hatuonn,(キャラクター)
ジャック,,,1,名詞,固有名詞,一般,*,*,*,ジャック,yomi,hatuonn,(キャラクター)
リアーナ,,,1,名詞,固有名詞,一般,*,*,*,リアーナ,yomi,hatuonn,(キャラクター)
ちゃちゃまる,,,1,名詞,固有名詞,一般,*,*,*,ちゃちゃまる,yomi,hatuonn,(キャラクター)
みすず,,,1,名詞,固有名詞,一般,*,*,*,みすず,yomi,hatuonn,(キャラクター)
キャンディ,,,1,名詞,固有名詞,一般,*,*,*,キャンディ,yomi,hatuonn,(キャラクター)
パンクス,,,1,名詞,固有名詞,一般,*,*,*,パンクス,yomi,hatuonn,(キャラクター)
レム,,,1,名詞,固有名詞,一般,*,*,*,レム,yomi,hatuonn,(キャラクター)
