ショボいオノ,,,1,名詞,固有名詞,一般,*,*,*,ショボいオノ,yomi,hatuonn,(レシピアイテム)
ショボいつりざお,,,1,名詞,固有名詞,一般,*,*,*,ショボいつりざお,yomi,hatuonn,(レシピアイテム)
ショボいあみ,,,1,名詞,固有名詞,一般,*,*,*,ショボいあみ,yomi,hatuonn,(レシピアイテム)
たかとびぼう,,,1,名詞,固有名詞,一般,*,*,*,たかとびぼう,yomi,hatuonn,(レシピアイテム)
ショボいジョウロ,,,1,名詞,固有名詞,一般,*,*,*,ショボいジョウロ,yomi,hatuonn,(レシピアイテム)
パチンコ,,,1,名詞,固有名詞,一般,*,*,*,パチンコ,yomi,hatuonn,(レシピアイテム)
はしご,,,1,名詞,固有名詞,一般,*,*,*,はしご,yomi,hatuonn,(レシピアイテム)
いしのオノ,,,1,名詞,固有名詞,一般,*,*,*,いしのオノ,yomi,hatuonn,(レシピアイテム)
オノ,,,1,名詞,固有名詞,一般,*,*,*,オノ,yomi,hatuonn,(レシピアイテム)
スコップ,,,1,名詞,固有名詞,一般,*,*,*,スコップ,yomi,hatuonn,(レシピアイテム)
つりざお,,,1,名詞,固有名詞,一般,*,*,*,つりざお,yomi,hatuonn,(レシピアイテム)
あみ,,,1,名詞,固有名詞,一般,*,*,*,あみ,yomi,hatuonn,(レシピアイテム)
ジョウロ,,,1,名詞,固有名詞,一般,*,*,*,ジョウロ,yomi,hatuonn,(レシピアイテム)
スターなステッキ,,,1,名詞,固有名詞,一般,*,*,*,スターなステッキ,yomi,hatuonn,(レシピアイテム)
かいがらのステッキ,,,1,名詞,固有名詞,一般,*,*,*,かいがらのステッキ,yomi,hatuonn,(レシピアイテム)
たけのステッキ,,,1,名詞,固有名詞,一般,*,*,*,たけのステッキ,yomi,hatuonn,(レシピアイテム)
こおりのステッキ,,,1,名詞,固有名詞,一般,*,*,*,こおりのステッキ,yomi,hatuonn,(レシピアイテム)
きんのオノ,,,1,名詞,固有名詞,一般,*,*,*,きんのオノ,yomi,hatuonn,(レシピアイテム)
きんのジョウロ,,,1,名詞,固有名詞,一般,*,*,*,きんのジョウロ,yomi,hatuonn,(レシピアイテム)
きんのスコップ,,,1,名詞,固有名詞,一般,*,*,*,きんのスコップ,yomi,hatuonn,(レシピアイテム)
きんのつりざお,,,1,名詞,固有名詞,一般,*,*,*,きんのつりざお,yomi,hatuonn,(レシピアイテム)
きんのパチンコ,,,1,名詞,固有名詞,一般,*,*,*,きんのパチンコ,yomi,hatuonn,(レシピアイテム)
イースターなステッキ,,,1,名詞,固有名詞,一般,*,*,*,イースターなステッキ,yomi,hatuonn,(レシピアイテム)
もくせいサイドテーブル,,,1,名詞,固有名詞,一般,*,*,*,もくせいサイドテーブル,yomi,hatuonn,(レシピアイテム)
バターかくはんき,,,1,名詞,固有名詞,一般,*,*,*,バターかくはんき,yomi,hatuonn,(レシピアイテム)
こけむしたにわいし,,,1,名詞,固有名詞,一般,*,*,*,こけむしたにわいし,yomi,hatuonn,(レシピアイテム)
たる,,,1,名詞,固有名詞,一般,*,*,*,たる,yomi,hatuonn,(レシピアイテム)
アイアンガーデンテーブル,,,1,名詞,固有名詞,一般,*,*,*,アイアンガーデンテーブル,yomi,hatuonn,(レシピアイテム)
ながしそうめん,,,1,名詞,固有名詞,一般,*,*,*,ながしそうめん,yomi,hatuonn,(レシピアイテム)
まるたのベンチ,,,1,名詞,固有名詞,一般,*,*,*,まるたのベンチ,yomi,hatuonn,(レシピアイテム)
まるたのダイニングテーブル,,,1,名詞,固有名詞,一般,*,*,*,まるたのダイニングテーブル,yomi,hatuonn,(レシピアイテム)
パームツリーランプ,,,1,名詞,固有名詞,一般,*,*,*,パームツリーランプ,yomi,hatuonn,(レシピアイテム)
マンホール,,,1,名詞,固有名詞,一般,*,*,*,マンホール,yomi,hatuonn,(レシピアイテム)
せきひ,,,1,名詞,固有名詞,一般,*,*,*,せきひ,yomi,hatuonn,(レシピアイテム)
しょうはブロック,,,1,名詞,固有名詞,一般,*,*,*,しょうはブロック,yomi,hatuonn,(レシピアイテム)
せかいのみちしるべ,,,1,名詞,固有名詞,一般,*,*,*,せかいのみちしるべ,yomi,hatuonn,(レシピアイテム)
おちば,,,1,名詞,固有名詞,一般,*,*,*,おちば,yomi,hatuonn,(レシピアイテム)
そぼくなDIYさぎょうだい,,,1,名詞,固有名詞,一般,*,*,*,そぼくなDIYさぎょうだい,yomi,hatuonn,(レシピアイテム)
たいまつ,,,1,名詞,固有名詞,一般,*,*,*,たいまつ,yomi,hatuonn,(レシピアイテム)
まるたのくい,,,1,名詞,固有名詞,一般,*,*,*,まるたのくい,yomi,hatuonn,(レシピアイテム)
すばこ,,,1,名詞,固有名詞,一般,*,*,*,すばこ,yomi,hatuonn,(レシピアイテム)
たきび,,,1,名詞,固有名詞,一般,*,*,*,たきび,yomi,hatuonn,(レシピアイテム)
もくせいのすがたみ,,,1,名詞,固有名詞,一般,*,*,*,もくせいのすがたみ,yomi,hatuonn,(レシピアイテム)
もくせいミニテーブル,,,1,名詞,固有名詞,一般,*,*,*,もくせいミニテーブル,yomi,hatuonn,(レシピアイテム)
ショボいスコップ,,,1,名詞,固有名詞,一般,*,*,*,ショボいスコップ,yomi,hatuonn,(レシピアイテム)
もくせいローテーブル,,,1,名詞,固有名詞,一般,*,*,*,もくせいローテーブル,yomi,hatuonn,(レシピアイテム)
もくば,,,1,名詞,固有名詞,一般,*,*,*,もくば,yomi,hatuonn,(レシピアイテム)
てっこつ,,,1,名詞,固有名詞,一般,*,*,*,てっこつ,yomi,hatuonn,(レシピアイテム)
きいろのおちば,,,1,名詞,固有名詞,一般,*,*,*,きいろのおちば,yomi,hatuonn,(レシピアイテム)
ベンチブランコ,,,1,名詞,固有名詞,一般,*,*,*,ベンチブランコ,yomi,hatuonn,(レシピアイテム)
ロッキングチェア,,,1,名詞,固有名詞,一般,*,*,*,ロッキングチェア,yomi,hatuonn,(レシピアイテム)
つみきコンポ,,,1,名詞,固有名詞,一般,*,*,*,つみきコンポ,yomi,hatuonn,(レシピアイテム)
つみきブックシェルフ,,,1,名詞,固有名詞,一般,*,*,*,つみきブックシェルフ,yomi,hatuonn,(レシピアイテム)
つみきチェア,,,1,名詞,固有名詞,一般,*,*,*,つみきチェア,yomi,hatuonn,(レシピアイテム)
ちいさなDIYさぎょうだい,,,1,名詞,固有名詞,一般,*,*,*,ちいさなDIYさぎょうだい,yomi,hatuonn,(レシピアイテム)
つみきのおもちゃ,,,1,名詞,固有名詞,一般,*,*,*,つみきのおもちゃ,yomi,hatuonn,(レシピアイテム)
せんたくおけ,,,1,名詞,固有名詞,一般,*,*,*,せんたくおけ,yomi,hatuonn,(レシピアイテム)
いしのスツール,,,1,名詞,固有名詞,一般,*,*,*,いしのスツール,yomi,hatuonn,(レシピアイテム)
ほしくさのベッド,,,1,名詞,固有名詞,一般,*,*,*,ほしくさのベッド,yomi,hatuonn,(レシピアイテム)
はしのこうじキット,,,1,名詞,固有名詞,一般,*,*,*,はしのこうじキット,yomi,hatuonn,(レシピアイテム)
ものほしロープ,,,1,名詞,固有名詞,一般,*,*,*,ものほしロープ,yomi,hatuonn,(レシピアイテム)
もくせいチェア,,,1,名詞,固有名詞,一般,*,*,*,もくせいチェア,yomi,hatuonn,(レシピアイテム)
もくせいシングルベッド,,,1,名詞,固有名詞,一般,*,*,*,もくせいシングルベッド,yomi,hatuonn,(レシピアイテム)
まるたのスツール,,,1,名詞,固有名詞,一般,*,*,*,まるたのスツール,yomi,hatuonn,(レシピアイテム)
まるたのガーデンベッド,,,1,名詞,固有名詞,一般,*,*,*,まるたのガーデンベッド,yomi,hatuonn,(レシピアイテム)
つみきテーブル,,,1,名詞,固有名詞,一般,*,*,*,つみきテーブル,yomi,hatuonn,(レシピアイテム)
ナチュラルなガーデンチェア,,,1,名詞,固有名詞,一般,*,*,*,ナチュラルなガーデンチェア,yomi,hatuonn,(レシピアイテム)
ナチュラルなガーデンテーブル,,,1,名詞,固有名詞,一般,*,*,*,ナチュラルなガーデンテーブル,yomi,hatuonn,(レシピアイテム)
いしのテーブル,,,1,名詞,固有名詞,一般,*,*,*,いしのテーブル,yomi,hatuonn,(レシピアイテム)
バードバス,,,1,名詞,固有名詞,一般,*,*,*,バードバス,yomi,hatuonn,(レシピアイテム)
リンゴのチェア,,,1,名詞,固有名詞,一般,*,*,*,リンゴのチェア,yomi,hatuonn,(レシピアイテム)
リンゴのテレビ,,,1,名詞,固有名詞,一般,*,*,*,リンゴのテレビ,yomi,hatuonn,(レシピアイテム)
さくらんぼのランプ,,,1,名詞,固有名詞,一般,*,*,*,さくらんぼのランプ,yomi,hatuonn,(レシピアイテム)
ダンボールチェア,,,1,名詞,固有名詞,一般,*,*,*,ダンボールチェア,yomi,hatuonn,(レシピアイテム)
おり,,,1,名詞,固有名詞,一般,*,*,*,おり,yomi,hatuonn,(レシピアイテム)
そぼくなもくせいかんばん,,,1,名詞,固有名詞,一般,*,*,*,そぼくなもくせいかんばん,yomi,hatuonn,(レシピアイテム)
あきかんカリンバ,,,1,名詞,固有名詞,一般,*,*,*,あきかんカリンバ,yomi,hatuonn,(レシピアイテム)
そぼくなせんめんだい,,,1,名詞,固有名詞,一般,*,*,*,そぼくなせんめんだい,yomi,hatuonn,(レシピアイテム)
もくぎょ,,,1,名詞,固有名詞,一般,*,*,*,もくぎょ,yomi,hatuonn,(レシピアイテム)
いしがま,,,1,名詞,固有名詞,一般,*,*,*,いしがま,yomi,hatuonn,(レシピアイテム)
アイアンウォールランプ,,,1,名詞,固有名詞,一般,*,*,*,アイアンウォールランプ,yomi,hatuonn,(レシピアイテム)
アイアンウッドキッチン,,,1,名詞,固有名詞,一般,*,*,*,アイアンウッドキッチン,yomi,hatuonn,(レシピアイテム)
いろり,,,1,名詞,固有名詞,一般,*,*,*,いろり,yomi,hatuonn,(レシピアイテム)
もくせいテーブルミラー,,,1,名詞,固有名詞,一般,*,*,*,もくせいテーブルミラー,yomi,hatuonn,(レシピアイテム)
ひくいにわいし,,,1,名詞,固有名詞,一般,*,*,*,ひくいにわいし,yomi,hatuonn,(レシピアイテム)
どら,,,1,名詞,固有名詞,一般,*,*,*,どら,yomi,hatuonn,(レシピアイテム)
かいがらのリース,,,1,名詞,固有名詞,一般,*,*,*,かいがらのリース,yomi,hatuonn,(レシピアイテム)
ハリボテのいけがき,,,1,名詞,固有名詞,一般,*,*,*,ハリボテのいけがき,yomi,hatuonn,(レシピアイテム)
もくせいのくずかご,,,1,名詞,固有名詞,一般,*,*,*,もくせいのくずかご,yomi,hatuonn,(レシピアイテム)
すやきのしょっき,,,1,名詞,固有名詞,一般,*,*,*,すやきのしょっき,yomi,hatuonn,(レシピアイテム)
アイアンワークテーブル,,,1,名詞,固有名詞,一般,*,*,*,アイアンワークテーブル,yomi,hatuonn,(レシピアイテム)
もくせいテーブル,,,1,名詞,固有名詞,一般,*,*,*,もくせいテーブル,yomi,hatuonn,(レシピアイテム)
ダンボールソファ,,,1,名詞,固有名詞,一般,*,*,*,ダンボールソファ,yomi,hatuonn,(レシピアイテム)
たけのくるまどめ,,,1,名詞,固有名詞,一般,*,*,*,たけのくるまどめ,yomi,hatuonn,(レシピアイテム)
オレンジのかべかけどけい,,,1,名詞,固有名詞,一般,*,*,*,オレンジのかべかけどけい,yomi,hatuonn,(レシピアイテム)
モモのチェア,,,1,名詞,固有名詞,一般,*,*,*,モモのチェア,yomi,hatuonn,(レシピアイテム)
アイアンハンガースタンド,,,1,名詞,固有名詞,一般,*,*,*,アイアンハンガースタンド,yomi,hatuonn,(レシピアイテム)
たけのスピーカー,,,1,名詞,固有名詞,一般,*,*,*,たけのスピーカー,yomi,hatuonn,(レシピアイテム)
ダンボールベッド,,,1,名詞,固有名詞,一般,*,*,*,ダンボールベッド,yomi,hatuonn,(レシピアイテム)
アイアンウッドワゴン,,,1,名詞,固有名詞,一般,*,*,*,アイアンウッドワゴン,yomi,hatuonn,(レシピアイテム)
つみきチェスト,,,1,名詞,固有名詞,一般,*,*,*,つみきチェスト,yomi,hatuonn,(レシピアイテム)
かかし,,,1,名詞,固有名詞,一般,*,*,*,かかし,yomi,hatuonn,(レシピアイテム)
いしのみずうけ,,,1,名詞,固有名詞,一般,*,*,*,いしのみずうけ,yomi,hatuonn,(レシピアイテム)
パンジーのテーブル,,,1,名詞,固有名詞,一般,*,*,*,パンジーのテーブル,yomi,hatuonn,(レシピアイテム)
そり,,,1,名詞,固有名詞,一般,*,*,*,そり,yomi,hatuonn,(レシピアイテム)
もくせいダブルベッド,,,1,名詞,固有名詞,一般,*,*,*,もくせいダブルベッド,yomi,hatuonn,(レシピアイテム)
まるたのベッド,,,1,名詞,固有名詞,一般,*,*,*,まるたのベッド,yomi,hatuonn,(レシピアイテム)
つみきスツール,,,1,名詞,固有名詞,一般,*,*,*,つみきスツール,yomi,hatuonn,(レシピアイテム)
たぬきのおきもの,,,1,名詞,固有名詞,一般,*,*,*,たぬきのおきもの,yomi,hatuonn,(レシピアイテム)
サウナストーブ,,,1,名詞,固有名詞,一般,*,*,*,サウナストーブ,yomi,hatuonn,(レシピアイテム)
よくあるにわいし,,,1,名詞,固有名詞,一般,*,*,*,よくあるにわいし,yomi,hatuonn,(レシピアイテム)
ダンボールテーブル,,,1,名詞,固有名詞,一般,*,*,*,ダンボールテーブル,yomi,hatuonn,(レシピアイテム)
かいがらのふんすい,,,1,名詞,固有名詞,一般,*,*,*,かいがらのふんすい,yomi,hatuonn,(レシピアイテム)
えんげいワゴン,,,1,名詞,固有名詞,一般,*,*,*,えんげいワゴン,yomi,hatuonn,(レシピアイテム)
ガーデンベンチ,,,1,名詞,固有名詞,一般,*,*,*,ガーデンベンチ,yomi,hatuonn,(レシピアイテム)
てっこう,,,1,名詞,固有名詞,一般,*,*,*,てっこう,yomi,hatuonn,(レシピアイテム)
アイアンクロゼット,,,1,名詞,固有名詞,一般,*,*,*,アイアンクロゼット,yomi,hatuonn,(レシピアイテム)
たけのスクリーン,,,1,名詞,固有名詞,一般,*,*,*,たけのスクリーン,yomi,hatuonn,(レシピアイテム)
かいがらのスツール,,,1,名詞,固有名詞,一般,*,*,*,かいがらのスツール,yomi,hatuonn,(レシピアイテム)
ようほうばこ,,,1,名詞,固有名詞,一般,*,*,*,ようほうばこ,yomi,hatuonn,(レシピアイテム)
ドラムかんぶろ,,,1,名詞,固有名詞,一般,*,*,*,ドラムかんぶろ,yomi,hatuonn,(レシピアイテム)
かさたて,,,1,名詞,固有名詞,一般,*,*,*,かさたて,yomi,hatuonn,(レシピアイテム)
たけのシェルフ,,,1,名詞,固有名詞,一般,*,*,*,たけのシェルフ,yomi,hatuonn,(レシピアイテム)
たけのスツール,,,1,名詞,固有名詞,一般,*,*,*,たけのスツール,yomi,hatuonn,(レシピアイテム)
たかいにわいし,,,1,名詞,固有名詞,一般,*,*,*,たかいにわいし,yomi,hatuonn,(レシピアイテム)
アイアンガーデンベンチ,,,1,名詞,固有名詞,一般,*,*,*,アイアンガーデンベンチ,yomi,hatuonn,(レシピアイテム)
アイアンシェルフ,,,1,名詞,固有名詞,一般,*,*,*,アイアンシェルフ,yomi,hatuonn,(レシピアイテム)
バーベル,,,1,名詞,固有名詞,一般,*,*,*,バーベル,yomi,hatuonn,(レシピアイテム)
ハリボテのき,,,1,名詞,固有名詞,一般,*,*,*,ハリボテのき,yomi,hatuonn,(レシピアイテム)
チューリップのビックリばこ,,,1,名詞,固有名詞,一般,*,*,*,チューリップのビックリばこ,yomi,hatuonn,(レシピアイテム)
バラのベッド,,,1,名詞,固有名詞,一般,*,*,*,バラのベッド,yomi,hatuonn,(レシピアイテム)
かいがらのベッド,,,1,名詞,固有名詞,一般,*,*,*,かいがらのベッド,yomi,hatuonn,(レシピアイテム)
たけのベンチ,,,1,名詞,固有名詞,一般,*,*,*,たけのベンチ,yomi,hatuonn,(レシピアイテム)
おちばのたきび,,,1,名詞,固有名詞,一般,*,*,*,おちばのたきび,yomi,hatuonn,(レシピアイテム)
とうろう,,,1,名詞,固有名詞,一般,*,*,*,とうろう,yomi,hatuonn,(レシピアイテム)
キノコのスツール,,,1,名詞,固有名詞,一般,*,*,*,キノコのスツール,yomi,hatuonn,(レシピアイテム)
せきしし,,,1,名詞,固有名詞,一般,*,*,*,せきしし,yomi,hatuonn,(レシピアイテム)
かいがらのアーチ,,,1,名詞,固有名詞,一般,*,*,*,かいがらのアーチ,yomi,hatuonn,(レシピアイテム)
こおりのはしら,,,1,名詞,固有名詞,一般,*,*,*,こおりのはしら,yomi,hatuonn,(レシピアイテム)
DIYさぎょうだい,,,1,名詞,固有名詞,一般,*,*,*,DIYさぎょうだい,yomi,hatuonn,(レシピアイテム)
アイアンウッドローテーブル,,,1,名詞,固有名詞,一般,*,*,*,アイアンウッドローテーブル,yomi,hatuonn,(レシピアイテム)
こおりのイス,,,1,名詞,固有名詞,一般,*,*,*,こおりのイス,yomi,hatuonn,(レシピアイテム)
こおりのアーチ,,,1,名詞,固有名詞,一般,*,*,*,こおりのアーチ,yomi,hatuonn,(レシピアイテム)
こおりのアート,,,1,名詞,固有名詞,一般,*,*,*,こおりのアート,yomi,hatuonn,(レシピアイテム)
こおりのテーブル,,,1,名詞,固有名詞,一般,*,*,*,こおりのテーブル,yomi,hatuonn,(レシピアイテム)
こおりのカウンター,,,1,名詞,固有名詞,一般,*,*,*,こおりのカウンター,yomi,hatuonn,(レシピアイテム)
こおりのベッド,,,1,名詞,固有名詞,一般,*,*,*,こおりのベッド,yomi,hatuonn,(レシピアイテム)
だんゆきだるま,,,1,名詞,固有名詞,一般,*,*,*,だんゆきだるま,yomi,hatuonn,(レシピアイテム)
さくらのえだ,,,1,名詞,固有名詞,一般,*,*,*,さくらのえだ,yomi,hatuonn,(レシピアイテム)
みどりのおちば,,,1,名詞,固有名詞,一般,*,*,*,みどりのおちば,yomi,hatuonn,(レシピアイテム)
あかいおちば,,,1,名詞,固有名詞,一般,*,*,*,あかいおちば,yomi,hatuonn,(レシピアイテム)
こおりのパーテーション,,,1,名詞,固有名詞,一般,*,*,*,こおりのパーテーション,yomi,hatuonn,(レシピアイテム)
こおりのツリー,,,1,名詞,固有名詞,一般,*,*,*,こおりのツリー,yomi,hatuonn,(レシピアイテム)
ふめんだい,,,1,名詞,固有名詞,一般,*,*,*,ふめんだい,yomi,hatuonn,(レシピアイテム)
オレンジのサイドテーブル,,,1,名詞,固有名詞,一般,*,*,*,オレンジのサイドテーブル,yomi,hatuonn,(レシピアイテム)
アイアンガーデンチェア,,,1,名詞,固有名詞,一般,*,*,*,アイアンガーデンチェア,yomi,hatuonn,(レシピアイテム)
たけのビックリばこ,,,1,名詞,固有名詞,一般,*,*,*,たけのビックリばこ,yomi,hatuonn,(レシピアイテム)
さくらのはなびらのやま,,,1,名詞,固有名詞,一般,*,*,*,さくらのはなびらのやま,yomi,hatuonn,(レシピアイテム)
イースターなアーチ,,,1,名詞,固有名詞,一般,*,*,*,イースターなアーチ,yomi,hatuonn,(レシピアイテム)
イースターなスツール,,,1,名詞,固有名詞,一般,*,*,*,イースターなスツール,yomi,hatuonn,(レシピアイテム)
イースターなクロゼット,,,1,名詞,固有名詞,一般,*,*,*,イースターなクロゼット,yomi,hatuonn,(レシピアイテム)
イースターなテーブル,,,1,名詞,固有名詞,一般,*,*,*,イースターなテーブル,yomi,hatuonn,(レシピアイテム)
イースターなドレッサー,,,1,名詞,固有名詞,一般,*,*,*,イースターなドレッサー,yomi,hatuonn,(レシピアイテム)
イースターなバルーンA,,,1,名詞,固有名詞,一般,*,*,*,イースターなバルーンA,yomi,hatuonn,(レシピアイテム)
イースターなバルーンB,,,1,名詞,固有名詞,一般,*,*,*,イースターなバルーンB,yomi,hatuonn,(レシピアイテム)
イースターなベッド,,,1,名詞,固有名詞,一般,*,*,*,イースターなベッド,yomi,hatuonn,(レシピアイテム)
トナカイのイルミネーション,,,1,名詞,固有名詞,一般,*,*,*,トナカイのイルミネーション,yomi,hatuonn,(レシピアイテム)
ししおどし,,,1,名詞,固有名詞,一般,*,*,*,ししおどし,yomi,hatuonn,(レシピアイテム)
たけのかご,,,1,名詞,固有名詞,一般,*,*,*,たけのかご,yomi,hatuonn,(レシピアイテム)
フライパン,,,1,名詞,固有名詞,一般,*,*,*,フライパン,yomi,hatuonn,(レシピアイテム)
とうきジャグ,,,1,名詞,固有名詞,一般,*,*,*,とうきジャグ,yomi,hatuonn,(レシピアイテム)
かめ,,,1,名詞,固有名詞,一般,*,*,*,かめ,yomi,hatuonn,(レシピアイテム)
さくらんぼのスピーカー,,,1,名詞,固有名詞,一般,*,*,*,さくらんぼのスピーカー,yomi,hatuonn,(レシピアイテム)
たにくしょくぶつ,,,1,名詞,固有名詞,一般,*,*,*,たにくしょくぶつ,yomi,hatuonn,(レシピアイテム)
モモのビックリばこ,,,1,名詞,固有名詞,一般,*,*,*,モモのビックリばこ,yomi,hatuonn,(レシピアイテム)
ねんどのおもちゃ,,,1,名詞,固有名詞,一般,*,*,*,ねんどのおもちゃ,yomi,hatuonn,(レシピアイテム)
たけのキャンドルホルダー,,,1,名詞,固有名詞,一般,*,*,*,たけのキャンドルホルダー,yomi,hatuonn,(レシピアイテム)
アネモネのせんぷうき,,,1,名詞,固有名詞,一般,*,*,*,アネモネのせんぷうき,yomi,hatuonn,(レシピアイテム)
ゴミぶくろ,,,1,名詞,固有名詞,一般,*,*,*,ゴミぶくろ,yomi,hatuonn,(レシピアイテム)
ちいさなきのみのツリー,,,1,名詞,固有名詞,一般,*,*,*,ちいさなきのみのツリー,yomi,hatuonn,(レシピアイテム)
とうきのジャグ,,,1,名詞,固有名詞,一般,*,*,*,とうきのジャグ,yomi,hatuonn,(レシピアイテム)
かいがらのスピーカー,,,1,名詞,固有名詞,一般,*,*,*,かいがらのスピーカー,yomi,hatuonn,(レシピアイテム)
ヒヤシンスのランプ,,,1,名詞,固有名詞,一般,*,*,*,ヒヤシンスのランプ,yomi,hatuonn,(レシピアイテム)
もくせいのこうぐばこ,,,1,名詞,固有名詞,一般,*,*,*,もくせいのこうぐばこ,yomi,hatuonn,(レシピアイテム)
カッティングボード,,,1,名詞,固有名詞,一般,*,*,*,カッティングボード,yomi,hatuonn,(レシピアイテム)
マガジンラック,,,1,名詞,固有名詞,一般,*,*,*,マガジンラック,yomi,hatuonn,(レシピアイテム)
ざっしのたば,,,1,名詞,固有名詞,一般,*,*,*,ざっしのたば,yomi,hatuonn,(レシピアイテム)
きんのスカラベ,,,1,名詞,固有名詞,一般,*,*,*,きんのスカラベ,yomi,hatuonn,(レシピアイテム)
クリスマスキャンドル,,,1,名詞,固有名詞,一般,*,*,*,クリスマスキャンドル,yomi,hatuonn,(レシピアイテム)
つまれたほん,,,1,名詞,固有名詞,一般,*,*,*,つまれたほん,yomi,hatuonn,(レシピアイテム)
やじろべえ,,,1,名詞,固有名詞,一般,*,*,*,やじろべえ,yomi,hatuonn,(レシピアイテム)
フルーツバスケット,,,1,名詞,固有名詞,一般,*,*,*,フルーツバスケット,yomi,hatuonn,(レシピアイテム)
テラリウム,,,1,名詞,固有名詞,一般,*,*,*,テラリウム,yomi,hatuonn,(レシピアイテム)
アイスキャンディー,,,1,名詞,固有名詞,一般,*,*,*,アイスキャンディー,yomi,hatuonn,(レシピアイテム)
たけのこランプ,,,1,名詞,固有名詞,一般,*,*,*,たけのこランプ,yomi,hatuonn,(レシピアイテム)
アロマポット,,,1,名詞,固有名詞,一般,*,*,*,アロマポット,yomi,hatuonn,(レシピアイテム)
ウクレレ,,,1,名詞,固有名詞,一般,*,*,*,ウクレレ,yomi,hatuonn,(レシピアイテム)
イースターなランプ,,,1,名詞,固有名詞,一般,*,*,*,イースターなランプ,yomi,hatuonn,(レシピアイテム)
マツのぼんさい,,,1,名詞,固有名詞,一般,*,*,*,マツのぼんさい,yomi,hatuonn,(レシピアイテム)
たけがき,,,1,名詞,固有名詞,一般,*,*,*,たけがき,yomi,hatuonn,(レシピアイテム)
たけのべんとうばこ,,,1,名詞,固有名詞,一般,*,*,*,たけのべんとうばこ,yomi,hatuonn,(レシピアイテム)
かせきのドアプレート,,,1,名詞,固有名詞,一般,*,*,*,かせきのドアプレート,yomi,hatuonn,(レシピアイテム)
きのえだのリース,,,1,名詞,固有名詞,一般,*,*,*,きのえだのリース,yomi,hatuonn,(レシピアイテム)
オーナメントのリース,,,1,名詞,固有名詞,一般,*,*,*,オーナメントのリース,yomi,hatuonn,(レシピアイテム)
ユリのリース,,,1,名詞,固有名詞,一般,*,*,*,ユリのリース,yomi,hatuonn,(レシピアイテム)
かべかけのはっぱ,,,1,名詞,固有名詞,一般,*,*,*,かべかけのはっぱ,yomi,hatuonn,(レシピアイテム)
パンジーのリース,,,1,名詞,固有名詞,一般,*,*,*,パンジーのリース,yomi,hatuonn,(レシピアイテム)
チューリップのリース,,,1,名詞,固有名詞,一般,*,*,*,チューリップのリース,yomi,hatuonn,(レシピアイテム)
バラのリース,,,1,名詞,固有名詞,一般,*,*,*,バラのリース,yomi,hatuonn,(レシピアイテム)
ヒヤシンスのリース,,,1,名詞,固有名詞,一般,*,*,*,ヒヤシンスのリース,yomi,hatuonn,(レシピアイテム)
アイアンウッドクロック,,,1,名詞,固有名詞,一般,*,*,*,アイアンウッドクロック,yomi,hatuonn,(レシピアイテム)
キノコのリース,,,1,名詞,固有名詞,一般,*,*,*,キノコのリース,yomi,hatuonn,(レシピアイテム)
ゆきのけっしょうのリース,,,1,名詞,固有名詞,一般,*,*,*,ゆきのけっしょうのリース,yomi,hatuonn,(レシピアイテム)
ハンギングテラリウム,,,1,名詞,固有名詞,一般,*,*,*,ハンギングテラリウム,yomi,hatuonn,(レシピアイテム)
コスモスのリース,,,1,名詞,固有名詞,一般,*,*,*,コスモスのリース,yomi,hatuonn,(レシピアイテム)
アイアンウォールラック,,,1,名詞,固有名詞,一般,*,*,*,アイアンウォールラック,yomi,hatuonn,(レシピアイテム)
いちまいいたのかんばん,,,1,名詞,固有名詞,一般,*,*,*,いちまいいたのかんばん,yomi,hatuonn,(レシピアイテム)
にくきゅうのドアプレート,,,1,名詞,固有名詞,一般,*,*,*,にくきゅうのドアプレート,yomi,hatuonn,(レシピアイテム)
ファンシーなバラのリース,,,1,名詞,固有名詞,一般,*,*,*,ファンシーなバラのリース,yomi,hatuonn,(レシピアイテム)
まるたのかべかけどけい,,,1,名詞,固有名詞,一般,*,*,*,まるたのかべかけどけい,yomi,hatuonn,(レシピアイテム)
ポップなパンジーのリース,,,1,名詞,固有名詞,一般,*,*,*,ポップなパンジーのリース,yomi,hatuonn,(レシピアイテム)
オーナメントのモビール,,,1,名詞,固有名詞,一般,*,*,*,オーナメントのモビール,yomi,hatuonn,(レシピアイテム)
アイアンなドアプレート,,,1,名詞,固有名詞,一般,*,*,*,アイアンなドアプレート,yomi,hatuonn,(レシピアイテム)
ヤシのウォールプランター,,,1,名詞,固有名詞,一般,*,*,*,ヤシのウォールプランター,yomi,hatuonn,(レシピアイテム)
しかのオブジェ,,,1,名詞,固有名詞,一般,*,*,*,しかのオブジェ,yomi,hatuonn,(レシピアイテム)
オーナメントのモービル,,,1,名詞,固有名詞,一般,*,*,*,オーナメントのモービル,yomi,hatuonn,(レシピアイテム)
イースターなウォールクロック,,,1,名詞,固有名詞,一般,*,*,*,イースターなウォールクロック,yomi,hatuonn,(レシピアイテム)
イースターなライトガーランド,,,1,名詞,固有名詞,一般,*,*,*,イースターなライトガーランド,yomi,hatuonn,(レシピアイテム)
イースターなリース,,,1,名詞,固有名詞,一般,*,*,*,イースターなリース,yomi,hatuonn,(レシピアイテム)
きのみのモービル,,,1,名詞,固有名詞,一般,*,*,*,きのみのモービル,yomi,hatuonn,(レシピアイテム)
さくらクロック,,,1,名詞,固有名詞,一般,*,*,*,さくらクロック,yomi,hatuonn,(レシピアイテム)
たけのいちりんざし,,,1,名詞,固有名詞,一般,*,*,*,たけのいちりんざし,yomi,hatuonn,(レシピアイテム)
てっこつのかべ,,,1,名詞,固有名詞,一般,*,*,*,てっこつのかべ,yomi,hatuonn,(レシピアイテム)
ダークなよせぎのかべ,,,1,名詞,固有名詞,一般,*,*,*,ダークなよせぎのかべ,yomi,hatuonn,(レシピアイテム)
バンブーなかべ,,,1,名詞,固有名詞,一般,*,*,*,バンブーなかべ,yomi,hatuonn,(レシピアイテム)
ふしありウッドウォール,,,1,名詞,固有名詞,一般,*,*,*,ふしありウッドウォール,yomi,hatuonn,(レシピアイテム)
ダークなバンブーラグ,,,1,名詞,固有名詞,一般,*,*,*,ダークなバンブーラグ,yomi,hatuonn,(レシピアイテム)
オレンジのかべがみ,,,1,名詞,固有名詞,一般,*,*,*,オレンジのかべがみ,yomi,hatuonn,(レシピアイテム)
マンガライブラリーなかべ,,,1,名詞,固有名詞,一般,*,*,*,マンガライブラリーなかべ,yomi,hatuonn,(レシピアイテム)
みなものゆか,,,1,名詞,固有名詞,一般,*,*,*,みなものゆか,yomi,hatuonn,(レシピアイテム)
ナシのかべがみ,,,1,名詞,固有名詞,一般,*,*,*,ナシのかべがみ,yomi,hatuonn,(レシピアイテム)
リンゴのかべがみ,,,1,名詞,固有名詞,一般,*,*,*,リンゴのかべがみ,yomi,hatuonn,(レシピアイテム)
ゲレンデなかべがみ,,,1,名詞,固有名詞,一般,*,*,*,ゲレンデなかべがみ,yomi,hatuonn,(レシピアイテム)
アイスなかべがみ,,,1,名詞,固有名詞,一般,*,*,*,アイスなかべがみ,yomi,hatuonn,(レシピアイテム)
アイスなゆか,,,1,名詞,固有名詞,一般,*,*,*,アイスなゆか,yomi,hatuonn,(レシピアイテム)
ライトなバンブーラグ,,,1,名詞,固有名詞,一般,*,*,*,ライトなバンブーラグ,yomi,hatuonn,(レシピアイテム)
みなみのうみなかべ,,,1,名詞,固有名詞,一般,*,*,*,みなみのうみなかべ,yomi,hatuonn,(レシピアイテム)
うみのそこのゆか,,,1,名詞,固有名詞,一般,*,*,*,うみのそこのゆか,yomi,hatuonn,(レシピアイテム)
りゅうひょうのゆか,,,1,名詞,固有名詞,一般,*,*,*,りゅうひょうのゆか,yomi,hatuonn,(レシピアイテム)
ちくりんのかべ,,,1,名詞,固有名詞,一般,*,*,*,ちくりんのかべ,yomi,hatuonn,(レシピアイテム)
イースターなかべがみ,,,1,名詞,固有名詞,一般,*,*,*,イースターなかべがみ,yomi,hatuonn,(レシピアイテム)
イースターなゆか,,,1,名詞,固有名詞,一般,*,*,*,イースターなゆか,yomi,hatuonn,(レシピアイテム)
イースターなラグ,,,1,名詞,固有名詞,一般,*,*,*,イースターなラグ,yomi,hatuonn,(レシピアイテム)
さくらのウッドフローリング,,,1,名詞,固有名詞,一般,*,*,*,さくらのウッドフローリング,yomi,hatuonn,(レシピアイテム)
さくらのウッドウォール,,,1,名詞,固有名詞,一般,*,*,*,さくらのウッドウォール,yomi,hatuonn,(レシピアイテム)
さくらのじゅうたん,,,1,名詞,固有名詞,一般,*,*,*,さくらのじゅうたん,yomi,hatuonn,(レシピアイテム)
バンブーなゆか,,,1,名詞,固有名詞,一般,*,*,*,バンブーなゆか,yomi,hatuonn,(レシピアイテム)
はっぱのかさ,,,1,名詞,固有名詞,一般,*,*,*,はっぱのかさ,yomi,hatuonn,(レシピアイテム)
リサイクルながぐつ,,,1,名詞,固有名詞,一般,*,*,*,リサイクルながぐつ,yomi,hatuonn,(レシピアイテム)
みどりのこしみの,,,1,名詞,固有名詞,一般,*,*,*,みどりのこしみの,yomi,hatuonn,(レシピアイテム)
さんどがざ,,,1,名詞,固有名詞,一般,*,*,*,さんどがざ,yomi,hatuonn,(レシピアイテム)
せおいばしご,,,1,名詞,固有名詞,一般,*,*,*,せおいばしご,yomi,hatuonn,(レシピアイテム)
かさぼうし,,,1,名詞,固有名詞,一般,*,*,*,かさぼうし,yomi,hatuonn,(レシピアイテム)
オレンジのぼうし,,,1,名詞,固有名詞,一般,*,*,*,オレンジのぼうし,yomi,hatuonn,(レシピアイテム)
しょいこ,,,1,名詞,固有名詞,一般,*,*,*,しょいこ,yomi,hatuonn,(レシピアイテム)
ナシのふく,,,1,名詞,固有名詞,一般,*,*,*,ナシのふく,yomi,hatuonn,(レシピアイテム)
モモのかさ,,,1,名詞,固有名詞,一般,*,*,*,モモのかさ,yomi,hatuonn,(レシピアイテム)
さくらんぼのかさ,,,1,名詞,固有名詞,一般,*,*,*,さくらんぼのかさ,yomi,hatuonn,(レシピアイテム)
オレンジのふく,,,1,名詞,固有名詞,一般,*,*,*,オレンジのふく,yomi,hatuonn,(レシピアイテム)
ナシのぼうし,,,1,名詞,固有名詞,一般,*,*,*,ナシのぼうし,yomi,hatuonn,(レシピアイテム)
ゆきだるまのぼうし,,,1,名詞,固有名詞,一般,*,*,*,ゆきだるまのぼうし,yomi,hatuonn,(レシピアイテム)
さくらのかさ,,,1,名詞,固有名詞,一般,*,*,*,さくらのかさ,yomi,hatuonn,(レシピアイテム)
かいがらポシェット,,,1,名詞,固有名詞,一般,*,*,*,かいがらポシェット,yomi,hatuonn,(レシピアイテム)
スノーフレークポシェット,,,1,名詞,固有名詞,一般,*,*,*,スノーフレークポシェット,yomi,hatuonn,(レシピアイテム)
イースターなかんむり,,,1,名詞,固有名詞,一般,*,*,*,イースターなかんむり,yomi,hatuonn,(レシピアイテム)
まるたのさく,,,1,名詞,固有名詞,一般,*,*,*,まるたのさく,yomi,hatuonn,(レシピアイテム)
ようふうのさく,,,1,名詞,固有名詞,一般,*,*,*,ようふうのさく,yomi,hatuonn,(レシピアイテム)
レンガのカベ,,,1,名詞,固有名詞,一般,*,*,*,レンガのカベ,yomi,hatuonn,(レシピアイテム)
ゆうしてっせん,,,1,名詞,固有名詞,一般,*,*,*,ゆうしてっせん,yomi,hatuonn,(レシピアイテム)
よこいたのさく,,,1,名詞,固有名詞,一般,*,*,*,よこいたのさく,yomi,hatuonn,(レシピアイテム)
オリエンタルなさく,,,1,名詞,固有名詞,一般,*,*,*,オリエンタルなさく,yomi,hatuonn,(レシピアイテム)
てつのさく,,,1,名詞,固有名詞,一般,*,*,*,てつのさく,yomi,hatuonn,(レシピアイテム)
ラティス,,,1,名詞,固有名詞,一般,*,*,*,ラティス,yomi,hatuonn,(レシピアイテム)
ペグとロープ,,,1,名詞,固有名詞,一般,*,*,*,ペグとロープ,yomi,hatuonn,(レシピアイテム)
オカリナ,,,1,名詞,固有名詞,一般,*,*,*,オカリナ,yomi,hatuonn,(レシピアイテム)
サカナのまきエサ,,,1,名詞,固有名詞,一般,*,*,*,サカナのまきエサ,yomi,hatuonn,(レシピアイテム)
おくすり,,,1,名詞,固有名詞,一般,*,*,*,おくすり,yomi,hatuonn,(レシピアイテム)
ほしのすなはまのゆか,,,1,名詞,固有名詞,一般,*,*,*,ほしのすなはまのゆか,yomi,hatuonn,(レシピアイテム)
すいちゅうのかべがみ,,,1,名詞,固有名詞,一般,*,*,*,すいちゅうのかべがみ,yomi,hatuonn,(レシピアイテム)
ウッディなかべ,,,1,名詞,固有名詞,一般,*,*,*,ウッディなかべ,yomi,hatuonn,(レシピアイテム)
ちかしつのゆか,,,1,名詞,固有名詞,一般,*,*,*,ちかしつのゆか,yomi,hatuonn,(レシピアイテム)
ゴミのやまなかべ,,,1,名詞,固有名詞,一般,*,*,*,ゴミのやまなかべ,yomi,hatuonn,(レシピアイテム)
おへやのゆか,,,1,名詞,固有名詞,一般,*,*,*,おへやのゆか,yomi,hatuonn,(レシピアイテム)
ハチミツなゆか,,,1,名詞,固有名詞,一般,*,*,*,ハチミツなゆか,yomi,hatuonn,(レシピアイテム)
てっぱんのゆか,,,1,名詞,固有名詞,一般,*,*,*,てっぱんのゆか,yomi,hatuonn,(レシピアイテム)
ワイルドウッドのかべ,,,1,名詞,固有名詞,一般,*,*,*,ワイルドウッドのかべ,yomi,hatuonn,(レシピアイテム)
キクのかんむり,,,1,名詞,固有名詞,一般,*,*,*,キクのかんむり,yomi,hatuonn,(レシピアイテム)
バラのかんむり,,,1,名詞,固有名詞,一般,*,*,*,バラのかんむり,yomi,hatuonn,(レシピアイテム)
いしかべ,,,1,名詞,固有名詞,一般,*,*,*,いしかべ,yomi,hatuonn,(レシピアイテム)
せいろ,,,1,名詞,固有名詞,一般,*,*,*,せいろ,yomi,hatuonn,(レシピアイテム)
おはなみセット,,,1,名詞,固有名詞,一般,*,*,*,おはなみセット,yomi,hatuonn,(レシピアイテム)
おはなみのちょうちん,,,1,名詞,固有名詞,一般,*,*,*,おはなみのちょうちん,yomi,hatuonn,(レシピアイテム)
さくらのステッキ,,,1,名詞,固有名詞,一般,*,*,*,さくらのステッキ,yomi,hatuonn,(レシピアイテム)
さくらなみきのかべ,,,1,名詞,固有名詞,一般,*,*,*,さくらなみきのかべ,yomi,hatuonn,(レシピアイテム)
パンフルート,,,1,名詞,固有名詞,一般,*,*,*,パンフルート,yomi,hatuonn,(レシピアイテム)
しょいこ,,,1,名詞,固有名詞,一般,*,*,*,しょいこ,yomi,hatuonn,(レシピアイテム)
さくらのえだ,,,1,名詞,固有名詞,一般,*,*,*,さくらのえだ,yomi,hatuonn,(レシピアイテム)
たけのこランプ,,,1,名詞,固有名詞,一般,*,*,*,たけのこランプ,yomi,hatuonn,(レシピアイテム)
たけのステッキ,,,1,名詞,固有名詞,一般,*,*,*,たけのステッキ,yomi,hatuonn,(レシピアイテム)
みどりのおちば,,,1,名詞,固有名詞,一般,*,*,*,みどりのおちば,yomi,hatuonn,(レシピアイテム)
ライトなバンブーラグ,,,1,名詞,固有名詞,一般,*,*,*,ライトなバンブーラグ,yomi,hatuonn,(レシピアイテム)
さくらのかさ,,,1,名詞,固有名詞,一般,*,*,*,さくらのかさ,yomi,hatuonn,(レシピアイテム)
ちくりんのかべ,,,1,名詞,固有名詞,一般,*,*,*,ちくりんのかべ,yomi,hatuonn,(レシピアイテム)
たけのビックリばこ,,,1,名詞,固有名詞,一般,*,*,*,たけのビックリばこ,yomi,hatuonn,(レシピアイテム)
さくらのはなびらのやま,,,1,名詞,固有名詞,一般,*,*,*,さくらのはなびらのやま,yomi,hatuonn,(レシピアイテム)
さくらのウッドフローリング,,,1,名詞,固有名詞,一般,*,*,*,さくらのウッドフローリング,yomi,hatuonn,(レシピアイテム)
さくらのウッドウォール,,,1,名詞,固有名詞,一般,*,*,*,さくらのウッドウォール,yomi,hatuonn,(レシピアイテム)
さくらのじゅうたん,,,1,名詞,固有名詞,一般,*,*,*,さくらのじゅうたん,yomi,hatuonn,(レシピアイテム)
さくらクロック,,,1,名詞,固有名詞,一般,*,*,*,さくらクロック,yomi,hatuonn,(レシピアイテム)
かいがらのステッキ,,,1,名詞,固有名詞,一般,*,*,*,かいがらのステッキ,yomi,hatuonn,(レシピアイテム)
みなみのうみなかべ,,,1,名詞,固有名詞,一般,*,*,*,みなみのうみなかべ,yomi,hatuonn,(レシピアイテム)
うみのそこのゆか,,,1,名詞,固有名詞,一般,*,*,*,うみのそこのゆか,yomi,hatuonn,(レシピアイテム)
かいがらポシェット,,,1,名詞,固有名詞,一般,*,*,*,かいがらポシェット,yomi,hatuonn,(レシピアイテム)
おちば,,,1,名詞,固有名詞,一般,*,*,*,おちば,yomi,hatuonn,(レシピアイテム)
きいろのおちば,,,1,名詞,固有名詞,一般,*,*,*,きいろのおちば,yomi,hatuonn,(レシピアイテム)
おちばのたきび,,,1,名詞,固有名詞,一般,*,*,*,おちばのたきび,yomi,hatuonn,(レシピアイテム)
やじろべえ,,,1,名詞,固有名詞,一般,*,*,*,やじろべえ,yomi,hatuonn,(レシピアイテム)
あかいおちば,,,1,名詞,固有名詞,一般,*,*,*,あかいおちば,yomi,hatuonn,(レシピアイテム)
きのみのモービル,,,1,名詞,固有名詞,一般,*,*,*,きのみのモービル,yomi,hatuonn,(レシピアイテム)
マツのぼんさい,,,1,名詞,固有名詞,一般,*,*,*,マツのぼんさい,yomi,hatuonn,(レシピアイテム)
こおりのはしら,,,1,名詞,固有名詞,一般,*,*,*,こおりのはしら,yomi,hatuonn,(レシピアイテム)
ゲレンデなかべがみ,,,1,名詞,固有名詞,一般,*,*,*,ゲレンデなかべがみ,yomi,hatuonn,(レシピアイテム)
こおりのイス,,,1,名詞,固有名詞,一般,*,*,*,こおりのイス,yomi,hatuonn,(レシピアイテム)
アイスキャンディー,,,1,名詞,固有名詞,一般,*,*,*,アイスキャンディー,yomi,hatuonn,(レシピアイテム)
こおりのアーチ,,,1,名詞,固有名詞,一般,*,*,*,こおりのアーチ,yomi,hatuonn,(レシピアイテム)
こおりのアート,,,1,名詞,固有名詞,一般,*,*,*,こおりのアート,yomi,hatuonn,(レシピアイテム)
こおりのテーブル,,,1,名詞,固有名詞,一般,*,*,*,こおりのテーブル,yomi,hatuonn,(レシピアイテム)
こおりのカウンター,,,1,名詞,固有名詞,一般,*,*,*,こおりのカウンター,yomi,hatuonn,(レシピアイテム)
こおりのベッド,,,1,名詞,固有名詞,一般,*,*,*,こおりのベッド,yomi,hatuonn,(レシピアイテム)
アイスなかべがみ,,,1,名詞,固有名詞,一般,*,*,*,アイスなかべがみ,yomi,hatuonn,(レシピアイテム)
だんゆきだるま,,,1,名詞,固有名詞,一般,*,*,*,だんゆきだるま,yomi,hatuonn,(レシピアイテム)
ゆきだるまのぼうし,,,1,名詞,固有名詞,一般,*,*,*,ゆきだるまのぼうし,yomi,hatuonn,(レシピアイテム)
アイスなゆか,,,1,名詞,固有名詞,一般,*,*,*,アイスなゆか,yomi,hatuonn,(レシピアイテム)
こおりのパーテーション,,,1,名詞,固有名詞,一般,*,*,*,こおりのパーテーション,yomi,hatuonn,(レシピアイテム)
りゅうひょうのゆか,,,1,名詞,固有名詞,一般,*,*,*,りゅうひょうのゆか,yomi,hatuonn,(レシピアイテム)
こおりのツリー,,,1,名詞,固有名詞,一般,*,*,*,こおりのツリー,yomi,hatuonn,(レシピアイテム)
こおりのステッキ,,,1,名詞,固有名詞,一般,*,*,*,こおりのステッキ,yomi,hatuonn,(レシピアイテム)
スノーフレークポシェット,,,1,名詞,固有名詞,一般,*,*,*,スノーフレークポシェット,yomi,hatuonn,(レシピアイテム)
オーナメントのモービル,,,1,名詞,固有名詞,一般,*,*,*,オーナメントのモービル,yomi,hatuonn,(レシピアイテム)
トナカイのイルミネーション,,,1,名詞,固有名詞,一般,*,*,*,トナカイのイルミネーション,yomi,hatuonn,(レシピアイテム)
アイアンガーデンチェア,,,1,名詞,固有名詞,一般,*,*,*,アイアンガーデンチェア,yomi,hatuonn,(レシピアイテム)
アイアンガーデンテーブル,,,1,名詞,固有名詞,一般,*,*,*,アイアンガーデンテーブル,yomi,hatuonn,(レシピアイテム)
いしのスツール,,,1,名詞,固有名詞,一般,*,*,*,いしのスツール,yomi,hatuonn,(レシピアイテム)
いしのテーブル,,,1,名詞,固有名詞,一般,*,*,*,いしのテーブル,yomi,hatuonn,(レシピアイテム)
いしのみずうけ,,,1,名詞,固有名詞,一般,*,*,*,いしのみずうけ,yomi,hatuonn,(レシピアイテム)
おちば,,,1,名詞,固有名詞,一般,*,*,*,おちば,yomi,hatuonn,(レシピアイテム)
おちばのたきび,,,1,名詞,固有名詞,一般,*,*,*,おちばのたきび,yomi,hatuonn,(レシピアイテム)
オレンジのサイドテーブル,,,1,名詞,固有名詞,一般,*,*,*,オレンジのサイドテーブル,yomi,hatuonn,(レシピアイテム)
きいろのおちば,,,1,名詞,固有名詞,一般,*,*,*,きいろのおちば,yomi,hatuonn,(レシピアイテム)
こけむしたにわいし,,,1,名詞,固有名詞,一般,*,*,*,こけむしたにわいし,yomi,hatuonn,(レシピアイテム)
すばこ,,,1,名詞,固有名詞,一般,*,*,*,すばこ,yomi,hatuonn,(レシピアイテム)
そぼくなDIYさぎょうだい,,,1,名詞,固有名詞,一般,*,*,*,そぼくなDIYさぎょうだい,yomi,hatuonn,(レシピアイテム)
たいまつ,,,1,名詞,固有名詞,一般,*,*,*,たいまつ,yomi,hatuonn,(レシピアイテム)
たる,,,1,名詞,固有名詞,一般,*,*,*,たる,yomi,hatuonn,(レシピアイテム)
ダンボールチェア,,,1,名詞,固有名詞,一般,*,*,*,ダンボールチェア,yomi,hatuonn,(レシピアイテム)
ちいさなDIYさぎょうだい,,,1,名詞,固有名詞,一般,*,*,*,ちいさなDIYさぎょうだい,yomi,hatuonn,(レシピアイテム)
つみきコンポ,,,1,名詞,固有名詞,一般,*,*,*,つみきコンポ,yomi,hatuonn,(レシピアイテム)
つみきテーブル,,,1,名詞,固有名詞,一般,*,*,*,つみきテーブル,yomi,hatuonn,(レシピアイテム)
ナチュラルなガーデンチェア,,,1,名詞,固有名詞,一般,*,*,*,ナチュラルなガーデンチェア,yomi,hatuonn,(レシピアイテム)
ナチュラルなガーデンテーブル,,,1,名詞,固有名詞,一般,*,*,*,ナチュラルなガーデンテーブル,yomi,hatuonn,(レシピアイテム)
バードバス,,,1,名詞,固有名詞,一般,*,*,*,バードバス,yomi,hatuonn,(レシピアイテム)
ベンチブランコ,,,1,名詞,固有名詞,一般,*,*,*,ベンチブランコ,yomi,hatuonn,(レシピアイテム)
ほしくさのベッド,,,1,名詞,固有名詞,一般,*,*,*,ほしくさのベッド,yomi,hatuonn,(レシピアイテム)
まるたのくい,,,1,名詞,固有名詞,一般,*,*,*,まるたのくい,yomi,hatuonn,(レシピアイテム)
まるたのダイニングテーブル,,,1,名詞,固有名詞,一般,*,*,*,まるたのダイニングテーブル,yomi,hatuonn,(レシピアイテム)
まるたのベンチ,,,1,名詞,固有名詞,一般,*,*,*,まるたのベンチ,yomi,hatuonn,(レシピアイテム)
もくせいサイドテーブル,,,1,名詞,固有名詞,一般,*,*,*,もくせいサイドテーブル,yomi,hatuonn,(レシピアイテム)
もくせいシングルベッド,,,1,名詞,固有名詞,一般,*,*,*,もくせいシングルベッド,yomi,hatuonn,(レシピアイテム)
もくせいチェア,,,1,名詞,固有名詞,一般,*,*,*,もくせいチェア,yomi,hatuonn,(レシピアイテム)
もくせいのすがたみ,,,1,名詞,固有名詞,一般,*,*,*,もくせいのすがたみ,yomi,hatuonn,(レシピアイテム)
もくせいミニテーブル,,,1,名詞,固有名詞,一般,*,*,*,もくせいミニテーブル,yomi,hatuonn,(レシピアイテム)
ものほしロープ,,,1,名詞,固有名詞,一般,*,*,*,ものほしロープ,yomi,hatuonn,(レシピアイテム)
モモのチェア,,,1,名詞,固有名詞,一般,*,*,*,モモのチェア,yomi,hatuonn,(レシピアイテム)
ロッキングチェア,,,1,名詞,固有名詞,一般,*,*,*,ロッキングチェア,yomi,hatuonn,(レシピアイテム)
アイアンウッドキッチン,,,1,名詞,固有名詞,一般,*,*,*,アイアンウッドキッチン,yomi,hatuonn,(レシピアイテム)
アイアンウッドローテーブル,,,1,名詞,固有名詞,一般,*,*,*,アイアンウッドローテーブル,yomi,hatuonn,(レシピアイテム)
アイアンウッドワゴン,,,1,名詞,固有名詞,一般,*,*,*,アイアンウッドワゴン,yomi,hatuonn,(レシピアイテム)
アイアンガーデンベンチ,,,1,名詞,固有名詞,一般,*,*,*,アイアンガーデンベンチ,yomi,hatuonn,(レシピアイテム)
アイアンクロゼット,,,1,名詞,固有名詞,一般,*,*,*,アイアンクロゼット,yomi,hatuonn,(レシピアイテム)
アイアンシェルフ,,,1,名詞,固有名詞,一般,*,*,*,アイアンシェルフ,yomi,hatuonn,(レシピアイテム)
アイアンハンガースタンド,,,1,名詞,固有名詞,一般,*,*,*,アイアンハンガースタンド,yomi,hatuonn,(レシピアイテム)
アイアンワークテーブル,,,1,名詞,固有名詞,一般,*,*,*,アイアンワークテーブル,yomi,hatuonn,(レシピアイテム)
あかいおちば,,,1,名詞,固有名詞,一般,*,*,*,あかいおちば,yomi,hatuonn,(レシピアイテム)
いしがま,,,1,名詞,固有名詞,一般,*,*,*,いしがま,yomi,hatuonn,(レシピアイテム)
いろり,,,1,名詞,固有名詞,一般,*,*,*,いろり,yomi,hatuonn,(レシピアイテム)
えんげいワゴン,,,1,名詞,固有名詞,一般,*,*,*,えんげいワゴン,yomi,hatuonn,(レシピアイテム)
おはなみセット,,,1,名詞,固有名詞,一般,*,*,*,おはなみセット,yomi,hatuonn,(レシピアイテム)
おはなみのちょうちん,,,1,名詞,固有名詞,一般,*,*,*,おはなみのちょうちん,yomi,hatuonn,(レシピアイテム)
おり,,,1,名詞,固有名詞,一般,*,*,*,おり,yomi,hatuonn,(レシピアイテム)
かいがらのアーチ,,,1,名詞,固有名詞,一般,*,*,*,かいがらのアーチ,yomi,hatuonn,(レシピアイテム)
かいがらのスツール,,,1,名詞,固有名詞,一般,*,*,*,かいがらのスツール,yomi,hatuonn,(レシピアイテム)
かいがらのふんすい,,,1,名詞,固有名詞,一般,*,*,*,かいがらのふんすい,yomi,hatuonn,(レシピアイテム)
かいがらのベッド,,,1,名詞,固有名詞,一般,*,*,*,かいがらのベッド,yomi,hatuonn,(レシピアイテム)
かかし,,,1,名詞,固有名詞,一般,*,*,*,かかし,yomi,hatuonn,(レシピアイテム)
かさたて,,,1,名詞,固有名詞,一般,*,*,*,かさたて,yomi,hatuonn,(レシピアイテム)
ガーデンベンチ,,,1,名詞,固有名詞,一般,*,*,*,ガーデンベンチ,yomi,hatuonn,(レシピアイテム)
キノコのスツール,,,1,名詞,固有名詞,一般,*,*,*,キノコのスツール,yomi,hatuonn,(レシピアイテム)
こおりのアーチ,,,1,名詞,固有名詞,一般,*,*,*,こおりのアーチ,yomi,hatuonn,(レシピアイテム)
こおりのアート,,,1,名詞,固有名詞,一般,*,*,*,こおりのアート,yomi,hatuonn,(レシピアイテム)
こおりのイス,,,1,名詞,固有名詞,一般,*,*,*,こおりのイス,yomi,hatuonn,(レシピアイテム)
こおりのカウンター,,,1,名詞,固有名詞,一般,*,*,*,こおりのカウンター,yomi,hatuonn,(レシピアイテム)
こおりのツリー,,,1,名詞,固有名詞,一般,*,*,*,こおりのツリー,yomi,hatuonn,(レシピアイテム)
こおりのテーブル,,,1,名詞,固有名詞,一般,*,*,*,こおりのテーブル,yomi,hatuonn,(レシピアイテム)
こおりのはしら,,,1,名詞,固有名詞,一般,*,*,*,こおりのはしら,yomi,hatuonn,(レシピアイテム)
こおりのパーテーション,,,1,名詞,固有名詞,一般,*,*,*,こおりのパーテーション,yomi,hatuonn,(レシピアイテム)
こおりのベッド,,,1,名詞,固有名詞,一般,*,*,*,こおりのベッド,yomi,hatuonn,(レシピアイテム)
サウナストーブ,,,1,名詞,固有名詞,一般,*,*,*,サウナストーブ,yomi,hatuonn,(レシピアイテム)
さくらのえだ,,,1,名詞,固有名詞,一般,*,*,*,さくらのえだ,yomi,hatuonn,(レシピアイテム)
さくらのはなびらのやま,,,1,名詞,固有名詞,一般,*,*,*,さくらのはなびらのやま,yomi,hatuonn,(レシピアイテム)
ししおどし,,,1,名詞,固有名詞,一般,*,*,*,ししおどし,yomi,hatuonn,(レシピアイテム)
しょうはブロック,,,1,名詞,固有名詞,一般,*,*,*,しょうはブロック,yomi,hatuonn,(レシピアイテム)
せかいのみちしるべ,,,1,名詞,固有名詞,一般,*,*,*,せかいのみちしるべ,yomi,hatuonn,(レシピアイテム)
せきしし,,,1,名詞,固有名詞,一般,*,*,*,せきしし,yomi,hatuonn,(レシピアイテム)
せきひ,,,1,名詞,固有名詞,一般,*,*,*,せきひ,yomi,hatuonn,(レシピアイテム)
そぼくなせんめんだい,,,1,名詞,固有名詞,一般,*,*,*,そぼくなせんめんだい,yomi,hatuonn,(レシピアイテム)
そぼくなもくせいかんばん,,,1,名詞,固有名詞,一般,*,*,*,そぼくなもくせいかんばん,yomi,hatuonn,(レシピアイテム)
そり,,,1,名詞,固有名詞,一般,*,*,*,そり,yomi,hatuonn,(レシピアイテム)
たかいにわいし,,,1,名詞,固有名詞,一般,*,*,*,たかいにわいし,yomi,hatuonn,(レシピアイテム)
たきび,,,1,名詞,固有名詞,一般,*,*,*,たきび,yomi,hatuonn,(レシピアイテム)
たけのかご,,,1,名詞,固有名詞,一般,*,*,*,たけのかご,yomi,hatuonn,(レシピアイテム)
たけのくるまどめ,,,1,名詞,固有名詞,一般,*,*,*,たけのくるまどめ,yomi,hatuonn,(レシピアイテム)
たけのシェルフ,,,1,名詞,固有名詞,一般,*,*,*,たけのシェルフ,yomi,hatuonn,(レシピアイテム)
たけのスクリーン,,,1,名詞,固有名詞,一般,*,*,*,たけのスクリーン,yomi,hatuonn,(レシピアイテム)
たけのスツール,,,1,名詞,固有名詞,一般,*,*,*,たけのスツール,yomi,hatuonn,(レシピアイテム)
たけのスピーカー,,,1,名詞,固有名詞,一般,*,*,*,たけのスピーカー,yomi,hatuonn,(レシピアイテム)
たけのビックリばこ,,,1,名詞,固有名詞,一般,*,*,*,たけのビックリばこ,yomi,hatuonn,(レシピアイテム)
たけのベンチ,,,1,名詞,固有名詞,一般,*,*,*,たけのベンチ,yomi,hatuonn,(レシピアイテム)
たぬきのおきもの,,,1,名詞,固有名詞,一般,*,*,*,たぬきのおきもの,yomi,hatuonn,(レシピアイテム)
ダンボールソファ,,,1,名詞,固有名詞,一般,*,*,*,ダンボールソファ,yomi,hatuonn,(レシピアイテム)
ダンボールテーブル,,,1,名詞,固有名詞,一般,*,*,*,ダンボールテーブル,yomi,hatuonn,(レシピアイテム)
ダンボールベッド,,,1,名詞,固有名詞,一般,*,*,*,ダンボールベッド,yomi,hatuonn,(レシピアイテム)
チューリップのビックリばこ,,,1,名詞,固有名詞,一般,*,*,*,チューリップのビックリばこ,yomi,hatuonn,(レシピアイテム)
つみきスツール,,,1,名詞,固有名詞,一般,*,*,*,つみきスツール,yomi,hatuonn,(レシピアイテム)
つみきチェア,,,1,名詞,固有名詞,一般,*,*,*,つみきチェア,yomi,hatuonn,(レシピアイテム)
つみきチェスト,,,1,名詞,固有名詞,一般,*,*,*,つみきチェスト,yomi,hatuonn,(レシピアイテム)
つみきブックシェルフ,,,1,名詞,固有名詞,一般,*,*,*,つみきブックシェルフ,yomi,hatuonn,(レシピアイテム)
てっこつ,,,1,名詞,固有名詞,一般,*,*,*,てっこつ,yomi,hatuonn,(レシピアイテム)
DIYさぎょうだい,,,1,名詞,固有名詞,一般,*,*,*,DIYさぎょうだい,yomi,hatuonn,(レシピアイテム)
とうろう,,,1,名詞,固有名詞,一般,*,*,*,とうろう,yomi,hatuonn,(レシピアイテム)
トナカイのイルミネーション,,,1,名詞,固有名詞,一般,*,*,*,トナカイのイルミネーション,yomi,hatuonn,(レシピアイテム)
どら,,,1,名詞,固有名詞,一般,*,*,*,どら,yomi,hatuonn,(レシピアイテム)
ドラムかんぶろ,,,1,名詞,固有名詞,一般,*,*,*,ドラムかんぶろ,yomi,hatuonn,(レシピアイテム)
ながしそうめん,,,1,名詞,固有名詞,一般,*,*,*,ながしそうめん,yomi,hatuonn,(レシピアイテム)
ハリボテのいけがき,,,1,名詞,固有名詞,一般,*,*,*,ハリボテのいけがき,yomi,hatuonn,(レシピアイテム)
ハリボテのき,,,1,名詞,固有名詞,一般,*,*,*,ハリボテのき,yomi,hatuonn,(レシピアイテム)
バターかくはんき,,,1,名詞,固有名詞,一般,*,*,*,バターかくはんき,yomi,hatuonn,(レシピアイテム)
バラのベッド,,,1,名詞,固有名詞,一般,*,*,*,バラのベッド,yomi,hatuonn,(レシピアイテム)
バーベル,,,1,名詞,固有名詞,一般,*,*,*,バーベル,yomi,hatuonn,(レシピアイテム)
パンジーのテーブル,,,1,名詞,固有名詞,一般,*,*,*,パンジーのテーブル,yomi,hatuonn,(レシピアイテム)
パームツリーランプ,,,1,名詞,固有名詞,一般,*,*,*,パームツリーランプ,yomi,hatuonn,(レシピアイテム)
ひくいにわいし,,,1,名詞,固有名詞,一般,*,*,*,ひくいにわいし,yomi,hatuonn,(レシピアイテム)
ふめんだい,,,1,名詞,固有名詞,一般,*,*,*,ふめんだい,yomi,hatuonn,(レシピアイテム)
まるたのガーデンベッド,,,1,名詞,固有名詞,一般,*,*,*,まるたのガーデンベッド,yomi,hatuonn,(レシピアイテム)
まるたのスツール,,,1,名詞,固有名詞,一般,*,*,*,まるたのスツール,yomi,hatuonn,(レシピアイテム)
まるたのベッド,,,1,名詞,固有名詞,一般,*,*,*,まるたのベッド,yomi,hatuonn,(レシピアイテム)
マンホール,,,1,名詞,固有名詞,一般,*,*,*,マンホール,yomi,hatuonn,(レシピアイテム)
みどりのおちば,,,1,名詞,固有名詞,一般,*,*,*,みどりのおちば,yomi,hatuonn,(レシピアイテム)
もくせいダブルベッド,,,1,名詞,固有名詞,一般,*,*,*,もくせいダブルベッド,yomi,hatuonn,(レシピアイテム)
もくせいテーブル,,,1,名詞,固有名詞,一般,*,*,*,もくせいテーブル,yomi,hatuonn,(レシピアイテム)
もくせいのくずかご,,,1,名詞,固有名詞,一般,*,*,*,もくせいのくずかご,yomi,hatuonn,(レシピアイテム)
もくせいローテーブル,,,1,名詞,固有名詞,一般,*,*,*,もくせいローテーブル,yomi,hatuonn,(レシピアイテム)
もくば,,,1,名詞,固有名詞,一般,*,*,*,もくば,yomi,hatuonn,(レシピアイテム)
ようほうばこ,,,1,名詞,固有名詞,一般,*,*,*,ようほうばこ,yomi,hatuonn,(レシピアイテム)
よくあるにわいし,,,1,名詞,固有名詞,一般,*,*,*,よくあるにわいし,yomi,hatuonn,(レシピアイテム)
リンゴのチェア,,,1,名詞,固有名詞,一般,*,*,*,リンゴのチェア,yomi,hatuonn,(レシピアイテム)
リンゴのテレビ,,,1,名詞,固有名詞,一般,*,*,*,リンゴのテレビ,yomi,hatuonn,(レシピアイテム)
カブ価,,,1,名詞,固有名詞,一般,*,*,*,カブ価,かぶか,,(用語)
ベル袋,,,1,名詞,固有名詞,一般,*,*,*,ベル袋,べるぶくろ,,(用語)
マイル券,,,1,名詞,固有名詞,一般,*,*,*,マイル券,まいるけん,,(用語)
マイル旅行券,,,1,名詞,固有名詞,一般,*,*,*,マイル旅行券,まいるりょこうけん,,(用語)
鉄鉱石,,,1,名詞,固有名詞,一般,*,*,*,鉄鉱石,てっこうせき,,(用語)
金鉱石,,,1,名詞,固有名詞,一般,*,*,*,金鉱石,きんこうせき,,(用語)
まき餌,,,1,名詞,固有名詞,一般,*,*,*,まき餌,まきえ,,(用語)
撒き餌,,,1,名詞,固有名詞,一般,*,*,*,撒き餌,まきえ,,(用語)
まきえ,,,1,名詞,固有名詞,一般,*,*,*,まきえ,まきえ,,(用語)
アカデミックなめいが,,,1,名詞,固有名詞,一般,*,*,*,アカデミックなめいが,yomi,hatuonn,(美術品)
あらぶるめいがの左,,,1,名詞,固有名詞,一般,*,*,*,あらぶるめいがの左,yomi,hatuonn,(美術品)
あらぶるめいがの右,,,1,名詞,固有名詞,一般,*,*,*,あらぶるめいがの右,yomi,hatuonn,(美術品)
いいかんじのめいが,,,1,名詞,固有名詞,一般,*,*,*,いいかんじのめいが,yomi,hatuonn,(美術品)
いいめいが,,,1,名詞,固有名詞,一般,*,*,*,いいめいが,yomi,hatuonn,(美術品)
いきなめいが,,,1,名詞,固有名詞,一般,*,*,*,いきなめいが,yomi,hatuonn,(美術品)
いさましいめいが,,,1,名詞,固有名詞,一般,*,*,*,いさましいめいが,yomi,hatuonn,(美術品)
いなせなめいが,,,1,名詞,固有名詞,一般,*,*,*,いなせなめいが,yomi,hatuonn,(美術品)
おごそかなめいが,,,1,名詞,固有名詞,一般,*,*,*,おごそかなめいが,yomi,hatuonn,(美術品)
おだやかなめいが,,,1,名詞,固有名詞,一般,*,*,*,おだやかなめいが,yomi,hatuonn,(美術品)
おちついためいが,,,1,名詞,固有名詞,一般,*,*,*,おちついためいが,yomi,hatuonn,(美術品)
おもしろいめいが,,,1,名詞,固有名詞,一般,*,*,*,おもしろいめいが,yomi,hatuonn,(美術品)
かちのあるめいが,,,1,名詞,固有名詞,一般,*,*,*,かちのあるめいが,yomi,hatuonn,(美術品)
きれいなめいが,,,1,名詞,固有名詞,一般,*,*,*,きれいなめいが,yomi,hatuonn,(美術品)
しずみゆくめいが,,,1,名詞,固有名詞,一般,*,*,*,しずみゆくめいが,yomi,hatuonn,(美術品)
しなやかなめいが,,,1,名詞,固有名詞,一般,*,*,*,しなやかなめいが,yomi,hatuonn,(美術品)
すごいめいが,,,1,名詞,固有名詞,一般,*,*,*,すごいめいが,yomi,hatuonn,(美術品)
すてきなめいが,,,1,名詞,固有名詞,一般,*,*,*,すてきなめいが,yomi,hatuonn,(美術品)
すばらしいめいが,,,1,名詞,固有名詞,一般,*,*,*,すばらしいめいが,yomi,hatuonn,(美術品)
たおやかなめいが,,,1,名詞,固有名詞,一般,*,*,*,たおやかなめいが,yomi,hatuonn,(美術品)
たぐいまれなるめいが,,,1,名詞,固有名詞,一般,*,*,*,たぐいまれなるめいが,yomi,hatuonn,(美術品)
ちからづよいめいが,,,1,名詞,固有名詞,一般,*,*,*,ちからづよいめいが,yomi,hatuonn,(美術品)
ちみつなめいが,,,1,名詞,固有名詞,一般,*,*,*,ちみつなめいが,yomi,hatuonn,(美術品)
なぞめいためいが,,,1,名詞,固有名詞,一般,*,*,*,なぞめいためいが,yomi,hatuonn,(美術品)
にぎやかなめいが,,,1,名詞,固有名詞,一般,*,*,*,にぎやかなめいが,yomi,hatuonn,(美術品)
ひかりのめいが,,,1,名詞,固有名詞,一般,*,*,*,ひかりのめいが,yomi,hatuonn,(美術品)
またたくめいが,,,1,名詞,固有名詞,一般,*,*,*,またたくめいが,yomi,hatuonn,(美術品)
みごとなめいが,,,1,名詞,固有名詞,一般,*,*,*,みごとなめいが,yomi,hatuonn,(美術品)
ゆうめいなめいが,,,1,名詞,固有名詞,一般,*,*,*,ゆうめいなめいが,yomi,hatuonn,(美術品)
よくみるめいが,,,1,名詞,固有名詞,一般,*,*,*,よくみるめいが,yomi,hatuonn,(美術品)
いしあたまなちょうこく,,,1,名詞,固有名詞,一般,*,*,*,いしあたまなちょうこく,yomi,hatuonn,(美術品)
いだいなちょうこく,,,1,名詞,固有名詞,一般,*,*,*,いだいなちょうこく,yomi,hatuonn,(美術品)
いにしえのちょうこく,,,1,名詞,固有名詞,一般,*,*,*,いにしえのちょうこく,yomi,hatuonn,(美術品)
うつくしいちょうこく,,,1,名詞,固有名詞,一般,*,*,*,うつくしいちょうこく,yomi,hatuonn,(美術品)
こうごうしいちょうこく,,,1,名詞,固有名詞,一般,*,*,*,こうごうしいちょうこく,yomi,hatuonn,(美術品)
しんぴてきなちょうこく,,,1,名詞,固有名詞,一般,*,*,*,しんぴてきなちょうこく,yomi,hatuonn,(美術品)
たくましいちょうこく,,,1,名詞,固有名詞,一般,*,*,*,たくましいちょうこく,yomi,hatuonn,(美術品)
てがかりのちょうこく,,,1,名詞,固有名詞,一般,*,*,*,てがかりのちょうこく,yomi,hatuonn,(美術品)
とてつもないちょうこく,,,1,名詞,固有名詞,一般,*,*,*,とてつもないちょうこく,yomi,hatuonn,(美術品)
なじみのあるちょうこく,,,1,名詞,固有名詞,一般,*,*,*,なじみのあるちょうこく,yomi,hatuonn,(美術品)
ぼせいあふれるちょうこく,,,1,名詞,固有名詞,一般,*,*,*,ぼせいあふれるちょうこく,yomi,hatuonn,(美術品)
もののふのちょうこく,,,1,名詞,固有名詞,一般,*,*,*,もののふのちょうこく,yomi,hatuonn,(美術品)
りりしいちょうこく,,,1,名詞,固有名詞,一般,*,*,*,りりしいちょうこく,yomi,hatuonn,(美術品)
ニコバン,,,1,名詞,固有名詞,一般,*,*,*,ニコバン,yomi,hatuonn,(キャラクター)
ポンチョ,,,1,名詞,固有名詞,一般,*,*,*,ポンチョ,yomi,hatuonn,(キャラクター)
リチャード,,,1,名詞,固有名詞,一般,*,*,*,リチャード,yomi,hatuonn,(キャラクター)
ナタリー,,,1,名詞,固有名詞,一般,*,*,*,ナタリー,yomi,hatuonn,(キャラクター)
ペンタ,,,1,名詞,固有名詞,一般,*,*,*,ペンタ,yomi,hatuonn,(キャラクター)
チョコ,,,1,名詞,固有名詞,一般,*,*,*,チョコ,yomi,hatuonn,(キャラクター)
オリバー,,,1,名詞,固有名詞,一般,*,*,*,オリバー,yomi,hatuonn,(キャラクター)
セバスチャン,,,1,名詞,固有名詞,一般,*,*,*,セバスチャン,yomi,hatuonn,(キャラクター)
バズレー,,,1,名詞,固有名詞,一般,*,*,*,バズレー,yomi,hatuonn,(キャラクター)
オカッピ,,,1,名詞,固有名詞,一般,*,*,*,オカッピ,yomi,hatuonn,(キャラクター)
マロン,,,1,名詞,固有名詞,一般,*,*,*,マロン,yomi,hatuonn,(キャラクター)
ジンベイ,,,1,名詞,固有名詞,一般,*,*,*,ジンベイ,yomi,hatuonn,(キャラクター)
チョキ,,,1,名詞,固有名詞,一般,*,*,*,チョキ,yomi,hatuonn,(キャラクター)
ピティエ,,,1,名詞,固有名詞,一般,*,*,*,ピティエ,yomi,hatuonn,(キャラクター)
ちとせ,,,1,名詞,固有名詞,一般,*,*,*,ちとせ,yomi,hatuonn,(キャラクター)
ネーヤ,,,1,名詞,固有名詞,一般,*,*,*,ネーヤ,yomi,hatuonn,(キャラクター)
ちょろきち,,,1,名詞,固有名詞,一般,*,*,*,ちょろきち,yomi,hatuonn,(キャラクター)
エテキチ,,,1,名詞,固有名詞,一般,*,*,*,エテキチ,yomi,hatuonn,(キャラクター)
オパール,,,1,名詞,固有名詞,一般,*,*,*,オパール,yomi,hatuonn,(キャラクター)
ゲンジ,,,1,名詞,固有名詞,一般,*,*,*,ゲンジ,yomi,hatuonn,(キャラクター)
フランソワ,,,1,名詞,固有名詞,一般,*,*,*,フランソワ,yomi,hatuonn,(キャラクター)
ポーラ,,,1,名詞,固有名詞,一般,*,*,*,ポーラ,yomi,hatuonn,(キャラクター)
ユメコ,,,1,名詞,固有名詞,一般,*,*,*,ユメコ,yomi,hatuonn,(キャラクター)
サバンナ,,,1,名詞,固有名詞,一般,*,*,*,サバンナ,yomi,hatuonn,(キャラクター)
ヴァネッサ,,,1,名詞,固有名詞,一般,*,*,*,ヴァネッサ,yomi,hatuonn,(キャラクター)
イッテツ,,,1,名詞,固有名詞,一般,*,*,*,イッテツ,yomi,hatuonn,(キャラクター)
オーロラ,,,1,名詞,固有名詞,一般,*,*,*,オーロラ,yomi,hatuonn,(キャラクター)
サリー,,,1,名詞,固有名詞,一般,*,*,*,サリー,yomi,hatuonn,(キャラクター)
ビス,,,1,名詞,固有名詞,一般,*,*,*,ビス,yomi,hatuonn,(キャラクター)
ゆきみ,,,1,名詞,固有名詞,一般,*,*,*,ゆきみ,yomi,hatuonn,(キャラクター)
マキバスター,,,1,名詞,固有名詞,一般,*,*,*,マキバスター,yomi,hatuonn,(キャラクター)
ピータン,,,1,名詞,固有名詞,一般,*,*,*,ピータン,yomi,hatuonn,(キャラクター)
ジーニョ,,,1,名詞,固有名詞,一般,*,*,*,ジーニョ,yomi,hatuonn,(キャラクター)
オリビア,,,1,名詞,固有名詞,一般,*,*,*,オリビア,yomi,hatuonn,(キャラクター)
レイニー,,,1,名詞,固有名詞,一般,*,*,*,レイニー,yomi,hatuonn,(キャラクター)
チューこ,,,1,名詞,固有名詞,一般,*,*,*,チューこ,yomi,hatuonn,(キャラクター)
みやび,,,1,名詞,固有名詞,一般,*,*,*,みやび,yomi,hatuonn,(キャラクター)
ショーイ,,,1,名詞,固有名詞,一般,*,*,*,ショーイ,yomi,hatuonn,(キャラクター)
コージィ,,,1,名詞,固有名詞,一般,*,*,*,コージィ,yomi,hatuonn,(キャラクター)
アイソトープ,,,1,名詞,固有名詞,一般,*,*,*,アイソトープ,yomi,hatuonn,(キャラクター)
フララ,,,1,名詞,固有名詞,一般,*,*,*,フララ,yomi,hatuonn,(キャラクター)
パッチ,,,1,名詞,固有名詞,一般,*,*,*,パッチ,yomi,hatuonn,(キャラクター)
のりっぺ,,,1,名詞,固有名詞,一般,*,*,*,のりっぺ,yomi,hatuonn,(キャラクター)
タツオ,,,1,名詞,固有名詞,一般,*,*,*,タツオ,yomi,hatuonn,(キャラクター)
ガチャ,,,1,名詞,固有名詞,一般,*,*,*,ガチャ,yomi,hatuonn,(キャラクター)
フリル,,,1,名詞,固有名詞,一般,*,*,*,フリル,yomi,hatuonn,(キャラクター)
ショコラ,,,1,名詞,固有名詞,一般,*,*,*,ショコラ,yomi,hatuonn,(キャラクター)
あるみ,,,1,名詞,固有名詞,一般,*,*,*,あるみ,yomi,hatuonn,(キャラクター)
けん,,,1,名詞,固有名詞,一般,*,*,*,けん,yomi,hatuonn,(キャラクター)
とめ,,,1,名詞,固有名詞,一般,*,*,*,とめ,yomi,hatuonn,(キャラクター)
マグロ,,,1,名詞,固有名詞,一般,*,*,*,マグロ,yomi,hatuonn,(キャラクター)
フラッペ,,,1,名詞,固有名詞,一般,*,*,*,フラッペ,yomi,hatuonn,(キャラクター)
ホッケー,,,1,名詞,固有名詞,一般,*,*,*,ホッケー,yomi,hatuonn,(キャラクター)
クスケチャ,,,1,名詞,固有名詞,一般,*,*,*,クスケチャ,yomi,hatuonn,(キャラクター)
ナッキー,,,1,名詞,固有名詞,一般,*,*,*,ナッキー,yomi,hatuonn,(キャラクター)
ラザニア,,,1,名詞,固有名詞,一般,*,*,*,ラザニア,yomi,hatuonn,(キャラクター)
ハムジ,,,1,名詞,固有名詞,一般,*,*,*,ハムジ,yomi,hatuonn,(キャラクター)
クリス,,,1,名詞,固有名詞,一般,*,*,*,クリス,yomi,hatuonn,(キャラクター)
ブーケ,,,1,名詞,固有名詞,一般,*,*,*,ブーケ,yomi,hatuonn,(キャラクター)
ハナコ,,,1,名詞,固有名詞,一般,*,*,*,ハナコ,yomi,hatuonn,(キャラクター)
やよい,,,1,名詞,固有名詞,一般,*,*,*,やよい,yomi,hatuonn,(キャラクター)
ニッシー,,,1,名詞,固有名詞,一般,*,*,*,ニッシー,yomi,hatuonn,(キャラクター)
ミミィ,,,1,名詞,固有名詞,一般,*,*,*,ミミィ,yomi,hatuonn,(キャラクター)
アンチョビ,,,1,名詞,固有名詞,一般,*,*,*,アンチョビ,yomi,hatuonn,(キャラクター)
ためこ,,,1,名詞,固有名詞,一般,*,*,*,ためこ,yomi,hatuonn,(キャラクター)
ユキ,,,1,名詞,固有名詞,一般,*,*,*,ユキ,yomi,hatuonn,(キャラクター)
カモミ,,,1,名詞,固有名詞,一般,*,*,*,カモミ,yomi,hatuonn,(キャラクター)
タコヤ,,,1,名詞,固有名詞,一般,*,*,*,タコヤ,yomi,hatuonn,(キャラクター)
さくらじま,,,1,名詞,固有名詞,一般,*,*,*,さくらじま,yomi,hatuonn,(キャラクター)
プースケ,,,1,名詞,固有名詞,一般,*,*,*,プースケ,yomi,hatuonn,(キャラクター)
うずまき,,,1,名詞,固有名詞,一般,*,*,*,うずまき,yomi,hatuonn,(キャラクター)
マーサ,,,1,名詞,固有名詞,一般,*,*,*,マーサ,yomi,hatuonn,(キャラクター)
ジュリー,,,1,名詞,固有名詞,一般,*,*,*,ジュリー,yomi,hatuonn,(キャラクター)
トビオ,,,1,名詞,固有名詞,一般,*,*,*,トビオ,yomi,hatuonn,(キャラクター)
アセロラ,,,1,名詞,固有名詞,一般,*,*,*,アセロラ,yomi,hatuonn,(キャラクター)
パティ,,,1,名詞,固有名詞,一般,*,*,*,パティ,yomi,hatuonn,(キャラクター)
みつお,,,1,名詞,固有名詞,一般,*,*,*,みつお,yomi,hatuonn,(キャラクター)
モンこ,,,1,名詞,固有名詞,一般,*,*,*,モンこ,yomi,hatuonn,(キャラクター)
レイチェル,,,1,名詞,固有名詞,一般,*,*,*,レイチェル,yomi,hatuonn,(キャラクター)
エックスエル,,,1,名詞,固有名詞,一般,*,*,*,エックスエル,yomi,hatuonn,(キャラクター)
リリィ,,,1,名詞,固有名詞,一般,*,*,*,リリィ,yomi,hatuonn,(キャラクター)
アーシンド,,,1,名詞,固有名詞,一般,*,*,*,アーシンド,yomi,hatuonn,(キャラクター)
ティファニー,,,1,名詞,固有名詞,一般,*,*,*,ティファニー,yomi,hatuonn,(キャラクター)
マッスル,,,1,名詞,固有名詞,一般,*,*,*,マッスル,yomi,hatuonn,(キャラクター)
ドレミ,,,1,名詞,固有名詞,一般,*,*,*,ドレミ,yomi,hatuonn,(キャラクター)
ラムネ,,,1,名詞,固有名詞,一般,*,*,*,ラムネ,yomi,hatuonn,(キャラクター)
トロワ,,,1,名詞,固有名詞,一般,*,*,*,トロワ,yomi,hatuonn,(キャラクター)
ガブリエル,,,1,名詞,固有名詞,一般,*,*,*,ガブリエル,yomi,hatuonn,(キャラクター)
みかっち,,,1,名詞,固有名詞,一般,*,*,*,みかっち,yomi,hatuonn,(キャラクター)
クマロス,,,1,名詞,固有名詞,一般,*,*,*,クマロス,yomi,hatuonn,(キャラクター)
ラムール,,,1,名詞,固有名詞,一般,*,*,*,ラムール,yomi,hatuonn,(キャラクター)
エイプリル,,,1,名詞,固有名詞,一般,*,*,*,エイプリル,yomi,hatuonn,(キャラクター)
モヘア,,,1,名詞,固有名詞,一般,*,*,*,モヘア,yomi,hatuonn,(キャラクター)
ヴァヤシコフ,,,1,名詞,固有名詞,一般,*,*,*,ヴァヤシコフ,yomi,hatuonn,(キャラクター)
ペーター,,,1,名詞,固有名詞,一般,*,*,*,ペーター,yomi,hatuonn,(キャラクター)
ダルマン,,,1,名詞,固有名詞,一般,*,*,*,ダルマン,yomi,hatuonn,(キャラクター)
グレオ,,,1,名詞,固有名詞,一般,*,*,*,グレオ,yomi,hatuonn,(キャラクター)
アンヌ,,,1,名詞,固有名詞,一般,*,*,*,アンヌ,yomi,hatuonn,(キャラクター)
アクリル,,,1,名詞,固有名詞,一般,*,*,*,アクリル,yomi,hatuonn,(キャラクター)
シェリー,,,1,名詞,固有名詞,一般,*,*,*,シェリー,yomi,hatuonn,(キャラクター)
ビンタ,,,1,名詞,固有名詞,一般,*,*,*,ビンタ,yomi,hatuonn,(キャラクター)
アデレード,,,1,名詞,固有名詞,一般,*,*,*,アデレード,yomi,hatuonn,(キャラクター)
かんゆ,,,1,名詞,固有名詞,一般,*,*,*,かんゆ,yomi,hatuonn,(キャラクター)
4ごう,,,1,名詞,固有名詞,一般,*,*,*,4ごう,yomi,hatuonn,(キャラクター)
メリヤス,,,1,名詞,固有名詞,一般,*,*,*,メリヤス,yomi,hatuonn,(キャラクター)
チャーミー,,,1,名詞,固有名詞,一般,*,*,*,チャーミー,yomi,hatuonn,(キャラクター)
レイコ,,,1,名詞,固有名詞,一般,*,*,*,レイコ,yomi,hatuonn,(キャラクター)
ジュペッティ,,,1,名詞,固有名詞,一般,*,*,*,ジュペッティ,yomi,hatuonn,(キャラクター)
モーリス,,,1,名詞,固有名詞,一般,*,*,*,モーリス,yomi,hatuonn,(キャラクター)
アグネス,,,1,名詞,固有名詞,一般,*,*,*,アグネス,yomi,hatuonn,(キャラクター)
ヒノコ,,,1,名詞,固有名詞,一般,*,*,*,ヒノコ,yomi,hatuonn,(キャラクター)
ミランダ,,,1,名詞,固有名詞,一般,*,*,*,ミランダ,yomi,hatuonn,(キャラクター)
カンロク,,,1,名詞,固有名詞,一般,*,*,*,カンロク,yomi,hatuonn,(キャラクター)
あんこ,,,1,名詞,固有名詞,一般,*,*,*,あんこ,yomi,hatuonn,(キャラクター)
イノッチ,,,1,名詞,固有名詞,一般,*,*,*,イノッチ,yomi,hatuonn,(キャラクター)
ちょい,,,1,名詞,固有名詞,一般,*,*,*,ちょい,yomi,hatuonn,(キャラクター)
ドミグラ,,,1,名詞,固有名詞,一般,*,*,*,ドミグラ,yomi,hatuonn,(キャラクター)
テッチャン,,,1,名詞,固有名詞,一般,*,*,*,テッチャン,yomi,hatuonn,(キャラクター)
セルバンテス,,,1,名詞,固有名詞,一般,*,*,*,セルバンテス,yomi,hatuonn,(キャラクター)
デースケ,,,1,名詞,固有名詞,一般,*,*,*,デースケ,yomi,hatuonn,(キャラクター)
ミント,,,1,名詞,固有名詞,一般,*,*,*,ミント,yomi,hatuonn,(キャラクター)
シルビア,,,1,名詞,固有名詞,一般,*,*,*,シルビア,yomi,hatuonn,(キャラクター)
ナディア,,,1,名詞,固有名詞,一般,*,*,*,ナディア,yomi,hatuonn,(キャラクター)
パオロ,,,1,名詞,固有名詞,一般,*,*,*,パオロ,yomi,hatuonn,(キャラクター)
くるぶし,,,1,名詞,固有名詞,一般,*,*,*,くるぶし,yomi,hatuonn,(キャラクター)
ドングリ,,,1,名詞,固有名詞,一般,*,*,*,ドングリ,yomi,hatuonn,(キャラクター)
カルロス,,,1,名詞,固有名詞,一般,*,*,*,カルロス,yomi,hatuonn,(キャラクター)
リリアン,,,1,名詞,固有名詞,一般,*,*,*,リリアン,yomi,hatuonn,(キャラクター)
カルピ,,,1,名詞,固有名詞,一般,*,*,*,カルピ,yomi,hatuonn,(キャラクター)
ハンナ,,,1,名詞,固有名詞,一般,*,*,*,ハンナ,yomi,hatuonn,(キャラクター)
エクレア,,,1,名詞,固有名詞,一般,*,*,*,エクレア,yomi,hatuonn,(キャラクター)
ロビン,,,1,名詞,固有名詞,一般,*,*,*,ロビン,yomi,hatuonn,(キャラクター)
キャンベラ,,,1,名詞,固有名詞,一般,*,*,*,キャンベラ,yomi,hatuonn,(キャラクター)
ヒョウタ,,,1,名詞,固有名詞,一般,*,*,*,ヒョウタ,yomi,hatuonn,(キャラクター)
ダイク,,,1,名詞,固有名詞,一般,*,*,*,ダイク,yomi,hatuonn,(キャラクター)
アリゲッティ,,,1,名詞,固有名詞,一般,*,*,*,アリゲッティ,yomi,hatuonn,(キャラクター)
ジャスミン,,,1,名詞,固有名詞,一般,*,*,*,ジャスミン,yomi,hatuonn,(キャラクター)
アントニオ,,,1,名詞,固有名詞,一般,*,*,*,アントニオ,yomi,hatuonn,(キャラクター)
ボルシチ,,,1,名詞,固有名詞,一般,*,*,*,ボルシチ,yomi,hatuonn,(キャラクター)
メイ,,,1,名詞,固有名詞,一般,*,*,*,メイ,yomi,hatuonn,(キャラクター)
アンソニー,,,1,名詞,固有名詞,一般,*,*,*,アンソニー,yomi,hatuonn,(キャラクター)
ちえり,,,1,名詞,固有名詞,一般,*,*,*,ちえり,yomi,hatuonn,(キャラクター)
デリー,,,1,名詞,固有名詞,一般,*,*,*,デリー,yomi,hatuonn,(キャラクター)
ボン,,,1,名詞,固有名詞,一般,*,*,*,ボン,yomi,hatuonn,(キャラクター)
ブルース,,,1,名詞,固有名詞,一般,*,*,*,ブルース,yomi,hatuonn,(キャラクター)
ヤマト,,,1,名詞,固有名詞,一般,*,*,*,ヤマト,yomi,hatuonn,(キャラクター)
おさい,,,1,名詞,固有名詞,一般,*,*,*,おさい,yomi,hatuonn,(キャラクター)
たま,,,1,名詞,固有名詞,一般,*,*,*,たま,yomi,hatuonn,(キャラクター)
ハムスケ,,,1,名詞,固有名詞,一般,*,*,*,ハムスケ,yomi,hatuonn,(キャラクター)
マリア,,,1,名詞,固有名詞,一般,*,*,*,マリア,yomi,hatuonn,(キャラクター)
フランク,,,1,名詞,固有名詞,一般,*,*,*,フランク,yomi,hatuonn,(キャラクター)
ルーシー,,,1,名詞,固有名詞,一般,*,*,*,ルーシー,yomi,hatuonn,(キャラクター)
リッキー,,,1,名詞,固有名詞,一般,*,*,*,リッキー,yomi,hatuonn,(キャラクター)
フルメタル,,,1,名詞,固有名詞,一般,*,*,*,フルメタル,yomi,hatuonn,(キャラクター)
カックン,,,1,名詞,固有名詞,一般,*,*,*,カックン,yomi,hatuonn,(キャラクター)
ネルソン,,,1,名詞,固有名詞,一般,*,*,*,ネルソン,yomi,hatuonn,(キャラクター)
ももこ,,,1,名詞,固有名詞,一般,*,*,*,ももこ,yomi,hatuonn,(キャラクター)
アルベルト,,,1,名詞,固有名詞,一般,*,*,*,アルベルト,yomi,hatuonn,(キャラクター)
ベン,,,1,名詞,固有名詞,一般,*,*,*,ベン,yomi,hatuonn,(キャラクター)
きんぞう,,,1,名詞,固有名詞,一般,*,*,*,きんぞう,yomi,hatuonn,(キャラクター)
マルコ,,,1,名詞,固有名詞,一般,*,*,*,マルコ,yomi,hatuonn,(キャラクター)
マモル,,,1,名詞,固有名詞,一般,*,*,*,マモル,yomi,hatuonn,(キャラクター)
ロッタ,,,1,名詞,固有名詞,一般,*,*,*,ロッタ,yomi,hatuonn,(キャラクター)
メープル,,,1,名詞,固有名詞,一般,*,*,*,メープル,yomi,hatuonn,(キャラクター)
シュバルツ,,,1,名詞,固有名詞,一般,*,*,*,シュバルツ,yomi,hatuonn,(キャラクター)
スクワット,,,1,名詞,固有名詞,一般,*,*,*,スクワット,yomi,hatuonn,(キャラクター)
ヒャクパー,,,1,名詞,固有名詞,一般,*,*,*,ヒャクパー,yomi,hatuonn,(キャラクター)
ペリーヌ,,,1,名詞,固有名詞,一般,*,*,*,ペリーヌ,yomi,hatuonn,(キャラクター)
ララミー,,,1,名詞,固有名詞,一般,*,*,*,ララミー,yomi,hatuonn,(キャラクター)
グラハム,,,1,名詞,固有名詞,一般,*,*,*,グラハム,yomi,hatuonn,(キャラクター)
シドニー,,,1,名詞,固有名詞,一般,*,*,*,シドニー,yomi,hatuonn,(キャラクター)
ジョッキー,,,1,名詞,固有名詞,一般,*,*,*,ジョッキー,yomi,hatuonn,(キャラクター)
アネッサ,,,1,名詞,固有名詞,一般,*,*,*,アネッサ,yomi,hatuonn,(キャラクター)
グルミン,,,1,名詞,固有名詞,一般,*,*,*,グルミン,yomi,hatuonn,(キャラクター)
フォアグラ,,,1,名詞,固有名詞,一般,*,*,*,フォアグラ,yomi,hatuonn,(キャラクター)
タコリーナ,,,1,名詞,固有名詞,一般,*,*,*,タコリーナ,yomi,hatuonn,(キャラクター)
まりも,,,1,名詞,固有名詞,一般,*,*,*,まりも,yomi,hatuonn,(キャラクター)
やさお,,,1,名詞,固有名詞,一般,*,*,*,やさお,yomi,hatuonn,(キャラクター)
さっち,,,1,名詞,固有名詞,一般,*,*,*,さっち,yomi,hatuonn,(キャラクター)
アチョット,,,1,名詞,固有名詞,一般,*,*,*,アチョット,yomi,hatuonn,(キャラクター)
ブロッコリー,,,1,名詞,固有名詞,一般,*,*,*,ブロッコリー,yomi,hatuonn,(キャラクター)
ガンテツ,,,1,名詞,固有名詞,一般,*,*,*,ガンテツ,yomi,hatuonn,(キャラクター)
2ごう,,,1,名詞,固有名詞,一般,*,*,*,2ごう,yomi,hatuonn,(キャラクター)
シルエット,,,1,名詞,固有名詞,一般,*,*,*,シルエット,yomi,hatuonn,(キャラクター)
アポロ,,,1,名詞,固有名詞,一般,*,*,*,アポロ,yomi,hatuonn,(キャラクター)
ピース,,,1,名詞,固有名詞,一般,*,*,*,ピース,yomi,hatuonn,(キャラクター)
ミラコ,,,1,名詞,固有名詞,一般,*,*,*,ミラコ,yomi,hatuonn,(キャラクター)
サラ,,,1,名詞,固有名詞,一般,*,*,*,サラ,yomi,hatuonn,(キャラクター)
クワトロ,,,1,名詞,固有名詞,一般,*,*,*,クワトロ,yomi,hatuonn,(キャラクター)
ストロー,,,1,名詞,固有名詞,一般,*,*,*,ストロー,yomi,hatuonn,(キャラクター)
スパーク,,,1,名詞,固有名詞,一般,*,*,*,スパーク,yomi,hatuonn,(キャラクター)
リック,,,1,名詞,固有名詞,一般,*,*,*,リック,yomi,hatuonn,(キャラクター)
セントアロー,,,1,名詞,固有名詞,一般,*,*,*,セントアロー,yomi,hatuonn,(キャラクター)
ピッコロ,,,1,名詞,固有名詞,一般,*,*,*,ピッコロ,yomi,hatuonn,(キャラクター)
ピーチク,,,1,名詞,固有名詞,一般,*,*,*,ピーチク,yomi,hatuonn,(キャラクター)
ヒュージ,,,1,名詞,固有名詞,一般,*,*,*,ヒュージ,yomi,hatuonn,(キャラクター)
キャロライン,,,1,名詞,固有名詞,一般,*,*,*,キャロライン,yomi,hatuonn,(キャラクター)
ウェンディ,,,1,名詞,固有名詞,一般,*,*,*,ウェンディ,yomi,hatuonn,(キャラクター)
ツバクロ,,,1,名詞,固有名詞,一般,*,*,*,ツバクロ,yomi,hatuonn,(キャラクター)
タイシ,,,1,名詞,固有名詞,一般,*,*,*,タイシ,yomi,hatuonn,(キャラクター)
ガリガリ,,,1,名詞,固有名詞,一般,*,*,*,ガリガリ,yomi,hatuonn,(キャラクター)
ユーカリ,,,1,名詞,固有名詞,一般,*,*,*,ユーカリ,yomi,hatuonn,(キャラクター)
カール,,,1,名詞,固有名詞,一般,*,*,*,カール,yomi,hatuonn,(キャラクター)
チャウヤン,,,1,名詞,固有名詞,一般,*,*,*,チャウヤン,yomi,hatuonn,(キャラクター)
キング,,,1,名詞,固有名詞,一般,*,*,*,キング,yomi,hatuonn,(キャラクター)
サンデー,,,1,名詞,固有名詞,一般,*,*,*,サンデー,yomi,hatuonn,(キャラクター)
サントス,,,1,名詞,固有名詞,一般,*,*,*,サントス,yomi,hatuonn,(キャラクター)
ふみたろう,,,1,名詞,固有名詞,一般,*,*,*,ふみたろう,yomi,hatuonn,(キャラクター)
ハムカツ,,,1,名詞,固有名詞,一般,*,*,*,ハムカツ,yomi,hatuonn,(キャラクター)
ケチャップ,,,1,名詞,固有名詞,一般,*,*,*,ケチャップ,yomi,hatuonn,(キャラクター)
チャック,,,1,名詞,固有名詞,一般,*,*,*,チャック,yomi,hatuonn,(キャラクター)
トンコ,,,1,名詞,固有名詞,一般,*,*,*,トンコ,yomi,hatuonn,(キャラクター)
ライオネル,,,1,名詞,固有名詞,一般,*,*,*,ライオネル,yomi,hatuonn,(キャラクター)
ハルク,,,1,名詞,固有名詞,一般,*,*,*,ハルク,yomi,hatuonn,(キャラクター)
ジュリア,,,1,名詞,固有名詞,一般,*,*,*,ジュリア,yomi,hatuonn,(キャラクター)
ムー,,,1,名詞,固有名詞,一般,*,*,*,ムー,yomi,hatuonn,(キャラクター)
1ごう,,,1,名詞,固有名詞,一般,*,*,*,1ごう,yomi,hatuonn,(キャラクター)
ガビ,,,1,名詞,固有名詞,一般,*,*,*,ガビ,yomi,hatuonn,(キャラクター)
タンボ,,,1,名詞,固有名詞,一般,*,*,*,タンボ,yomi,hatuonn,(キャラクター)
ハチ,,,1,名詞,固有名詞,一般,*,*,*,ハチ,yomi,hatuonn,(キャラクター)
トミ,,,1,名詞,固有名詞,一般,*,*,*,トミ,yomi,hatuonn,(キャラクター)
グミ,,,1,名詞,固有名詞,一般,*,*,*,グミ,yomi,hatuonn,(キャラクター)
パンタ,,,1,名詞,固有名詞,一般,*,*,*,パンタ,yomi,hatuonn,(キャラクター)
ホウサク,,,1,名詞,固有名詞,一般,*,*,*,ホウサク,yomi,hatuonn,(キャラクター)
アーサー,,,1,名詞,固有名詞,一般,*,*,*,アーサー,yomi,hatuonn,(キャラクター)
グラさん,,,1,名詞,固有名詞,一般,*,*,*,グラさん,yomi,hatuonn,(キャラクター)
シャンティ,,,1,名詞,固有名詞,一般,*,*,*,シャンティ,yomi,hatuonn,(キャラクター)
アマミン,,,1,名詞,固有名詞,一般,*,*,*,アマミン,yomi,hatuonn,(キャラクター)
リンダ,,,1,名詞,固有名詞,一般,*,*,*,リンダ,yomi,hatuonn,(キャラクター)
スワンソン,,,1,名詞,固有名詞,一般,*,*,*,スワンソン,yomi,hatuonn,(キャラクター)
トラこ,,,1,名詞,固有名詞,一般,*,*,*,トラこ,yomi,hatuonn,(キャラクター)
ティーチャー,,,1,名詞,固有名詞,一般,*,*,*,ティーチャー,yomi,hatuonn,(キャラクター)
ジャン,,,1,名詞,固有名詞,一般,*,*,*,ジャン,yomi,hatuonn,(キャラクター)
みぞれ,,,1,名詞,固有名詞,一般,*,*,*,みぞれ,yomi,hatuonn,(キャラクター)
バッカス,,,1,名詞,固有名詞,一般,*,*,*,バッカス,yomi,hatuonn,(キャラクター)
アセクサ,,,1,名詞,固有名詞,一般,*,*,*,アセクサ,yomi,hatuonn,(キャラクター)
ゴンザレス,,,1,名詞,固有名詞,一般,*,*,*,ゴンザレス,yomi,hatuonn,(キャラクター)
ハリマオ,,,1,名詞,固有名詞,一般,*,*,*,ハリマオ,yomi,hatuonn,(キャラクター)
メルボルン,,,1,名詞,固有名詞,一般,*,*,*,メルボルン,yomi,hatuonn,(キャラクター)
トムソン,,,1,名詞,固有名詞,一般,*,*,*,トムソン,yomi,hatuonn,(キャラクター)
サム,,,1,名詞,固有名詞,一般,*,*,*,サム,yomi,hatuonn,(キャラクター)
チョモラン,,,1,名詞,固有名詞,一般,*,*,*,チョモラン,yomi,hatuonn,(キャラクター)
チッチ,,,1,名詞,固有名詞,一般,*,*,*,チッチ,yomi,hatuonn,(キャラクター)
ジャコテン,,,1,名詞,固有名詞,一般,*,*,*,ジャコテン,yomi,hatuonn,(キャラクター)
スミ,,,1,名詞,固有名詞,一般,*,*,*,スミ,yomi,hatuonn,(キャラクター)
まきば,,,1,名詞,固有名詞,一般,*,*,*,まきば,yomi,hatuonn,(キャラクター)
ゴメス,,,1,名詞,固有名詞,一般,*,*,*,ゴメス,yomi,hatuonn,(キャラクター)
ルーズ,,,1,名詞,固有名詞,一般,*,*,*,ルーズ,yomi,hatuonn,(キャラクター)
クリスチーヌ,,,1,名詞,固有名詞,一般,*,*,*,クリスチーヌ,yomi,hatuonn,(キャラクター)
ビリー,,,1,名詞,固有名詞,一般,*,*,*,ビリー,yomi,hatuonn,(キャラクター)
アイリス,,,1,名詞,固有名詞,一般,*,*,*,アイリス,yomi,hatuonn,(キャラクター)
ウズメ,,,1,名詞,固有名詞,一般,*,*,*,ウズメ,yomi,hatuonn,(キャラクター)
レイラ,,,1,名詞,固有名詞,一般,*,*,*,レイラ,yomi,hatuonn,(キャラクター)
マーガレット,,,1,名詞,固有名詞,一般,*,*,*,マーガレット,yomi,hatuonn,(キャラクター)
ポーク,,,1,名詞,固有名詞,一般,*,*,*,ポーク,yomi,hatuonn,(キャラクター)
パセリ,,,1,名詞,固有名詞,一般,*,*,*,パセリ,yomi,hatuonn,(キャラクター)
ふくこ,,,1,名詞,固有名詞,一般,*,*,*,ふくこ,yomi,hatuonn,(キャラクター)
アラン,,,1,名詞,固有名詞,一般,*,*,*,アラン,yomi,hatuonn,(キャラクター)
はじめ,,,1,名詞,固有名詞,一般,*,*,*,はじめ,yomi,hatuonn,(キャラクター)
キッズ,,,1,名詞,固有名詞,一般,*,*,*,キッズ,yomi,hatuonn,(キャラクター)
タンタン,,,1,名詞,固有名詞,一般,*,*,*,タンタン,yomi,hatuonn,(キャラクター)
レベッカ,,,1,名詞,固有名詞,一般,*,*,*,レベッカ,yomi,hatuonn,(キャラクター)
ダンベル,,,1,名詞,固有名詞,一般,*,*,*,ダンベル,yomi,hatuonn,(キャラクター)
まんたろう,,,1,名詞,固有名詞,一般,*,*,*,まんたろう,yomi,hatuonn,(キャラクター)
ピン,,,1,名詞,固有名詞,一般,*,*,*,ピン,yomi,hatuonn,(キャラクター)
カジロウ,,,1,名詞,固有名詞,一般,*,*,*,カジロウ,yomi,hatuonn,(キャラクター)
れんにゅう,,,1,名詞,固有名詞,一般,*,*,*,れんにゅう,yomi,hatuonn,(キャラクター)
キザノホマレ,,,1,名詞,固有名詞,一般,*,*,*,キザノホマレ,yomi,hatuonn,(キャラクター)
ビアンカ,,,1,名詞,固有名詞,一般,*,*,*,ビアンカ,yomi,hatuonn,(キャラクター)
チャコ,,,1,名詞,固有名詞,一般,*,*,*,チャコ,yomi,hatuonn,(キャラクター)
ジェシカ,,,1,名詞,固有名詞,一般,*,*,*,ジェシカ,yomi,hatuonn,(キャラクター)
いさこ,,,1,名詞,固有名詞,一般,*,*,*,いさこ,yomi,hatuonn,(キャラクター)
おくたろう,,,1,名詞,固有名詞,一般,*,*,*,おくたろう,yomi,hatuonn,(キャラクター)
ヘンリー,,,1,名詞,固有名詞,一般,*,*,*,ヘンリー,yomi,hatuonn,(キャラクター)
ナイル,,,1,名詞,固有名詞,一般,*,*,*,ナイル,yomi,hatuonn,(キャラクター)
トキオ,,,1,名詞,固有名詞,一般,*,*,*,トキオ,yomi,hatuonn,(キャラクター)
アップル,,,1,名詞,固有名詞,一般,*,*,*,アップル,yomi,hatuonn,(キャラクター)
マール,,,1,名詞,固有名詞,一般,*,*,*,マール,yomi,hatuonn,(キャラクター)
たいへいた,,,1,名詞,固有名詞,一般,*,*,*,たいへいた,yomi,hatuonn,(キャラクター)
ベアード,,,1,名詞,固有名詞,一般,*,*,*,ベアード,yomi,hatuonn,(キャラクター)
アイダホ,,,1,名詞,固有名詞,一般,*,*,*,アイダホ,yomi,hatuonn,(キャラクター)
ジュン,,,1,名詞,固有名詞,一般,*,*,*,ジュン,yomi,hatuonn,(キャラクター)
ジェーン,,,1,名詞,固有名詞,一般,*,*,*,ジェーン,yomi,hatuonn,(キャラクター)
ボイド,,,1,名詞,固有名詞,一般,*,*,*,ボイド,yomi,hatuonn,(キャラクター)
アイーダ,,,1,名詞,固有名詞,一般,*,*,*,アイーダ,yomi,hatuonn,(キャラクター)
3ごう,,,1,名詞,固有名詞,一般,*,*,*,3ごう,yomi,hatuonn,(キャラクター)
ケンタ,,,1,名詞,固有名詞,一般,*,*,*,ケンタ,yomi,hatuonn,(キャラクター)
サブレ,,,1,名詞,固有名詞,一般,*,*,*,サブレ,yomi,hatuonn,(キャラクター)
エーミー,,,1,名詞,固有名詞,一般,*,*,*,エーミー,yomi,hatuonn,(キャラクター)
ボルト,,,1,名詞,固有名詞,一般,*,*,*,ボルト,yomi,hatuonn,(キャラクター)
ハカセ,,,1,名詞,固有名詞,一般,*,*,*,ハカセ,yomi,hatuonn,(キャラクター)
キャビア,,,1,名詞,固有名詞,一般,*,*,*,キャビア,yomi,hatuonn,(キャラクター)
ドク,,,1,名詞,固有名詞,一般,*,*,*,ドク,yomi,hatuonn,(キャラクター)
ぺしみち,,,1,名詞,固有名詞,一般,*,*,*,ぺしみち,yomi,hatuonn,(キャラクター)
アップリケ,,,1,名詞,固有名詞,一般,*,*,*,アップリケ,yomi,hatuonn,(キャラクター)
パタヤ,,,1,名詞,固有名詞,一般,*,*,*,パタヤ,yomi,hatuonn,(キャラクター)
オズモンド,,,1,名詞,固有名詞,一般,*,*,*,オズモンド,yomi,hatuonn,(キャラクター)
ゴンゾー,,,1,名詞,固有名詞,一般,*,*,*,ゴンゾー,yomi,hatuonn,(キャラクター)
トンファン,,,1,名詞,固有名詞,一般,*,*,*,トンファン,yomi,hatuonn,(キャラクター)
しもやけ,,,1,名詞,固有名詞,一般,*,*,*,しもやけ,yomi,hatuonn,(キャラクター)
ベーグル,,,1,名詞,固有名詞,一般,*,*,*,ベーグル,yomi,hatuonn,(キャラクター)
ディビット,,,1,名詞,固有名詞,一般,*,*,*,ディビット,yomi,hatuonn,(キャラクター)
サブリナ,,,1,名詞,固有名詞,一般,*,*,*,サブリナ,yomi,hatuonn,(キャラクター)
らっきょ,,,1,名詞,固有名詞,一般,*,*,*,らっきょ,yomi,hatuonn,(キャラクター)
たもつ,,,1,名詞,固有名詞,一般,*,*,*,たもつ,yomi,hatuonn,(キャラクター)
どぐろう,,,1,名詞,固有名詞,一般,*,*,*,どぐろう,yomi,hatuonn,(キャラクター)
マコト,,,1,名詞,固有名詞,一般,*,*,*,マコト,yomi,hatuonn,(キャラクター)
ラン,,,1,名詞,固有名詞,一般,*,*,*,ラン,yomi,hatuonn,(キャラクター)
つかさ,,,1,名詞,固有名詞,一般,*,*,*,つかさ,yomi,hatuonn,(キャラクター)
もんぺ,,,1,名詞,固有名詞,一般,*,*,*,もんぺ,yomi,hatuonn,(キャラクター)
クロー,,,1,名詞,固有名詞,一般,*,*,*,クロー,yomi,hatuonn,(キャラクター)
こまち,,,1,名詞,固有名詞,一般,*,*,*,こまち,yomi,hatuonn,(キャラクター)
カサンドラ,,,1,名詞,固有名詞,一般,*,*,*,カサンドラ,yomi,hatuonn,(キャラクター)
ブレンダ,,,1,名詞,固有名詞,一般,*,*,*,ブレンダ,yomi,hatuonn,(キャラクター)
ロッキー,,,1,名詞,固有名詞,一般,*,*,*,ロッキー,yomi,hatuonn,(キャラクター)
エスメラルダ,,,1,名詞,固有名詞,一般,*,*,*,エスメラルダ,yomi,hatuonn,(キャラクター)
モサキチ,,,1,名詞,固有名詞,一般,*,*,*,モサキチ,yomi,hatuonn,(キャラクター)
ロデオ,,,1,名詞,固有名詞,一般,*,*,*,ロデオ,yomi,hatuonn,(キャラクター)
カマボコ,,,1,名詞,固有名詞,一般,*,*,*,カマボコ,yomi,hatuonn,(キャラクター)
ジョン,,,1,名詞,固有名詞,一般,*,*,*,ジョン,yomi,hatuonn,(キャラクター)
のりまき,,,1,名詞,固有名詞,一般,*,*,*,のりまき,yomi,hatuonn,(キャラクター)
モモチ,,,1,名詞,固有名詞,一般,*,*,*,モモチ,yomi,hatuonn,(キャラクター)
ラッキー,,,1,名詞,固有名詞,一般,*,*,*,ラッキー,yomi,hatuonn,(キャラクター)
ブンジロウ,,,1,名詞,固有名詞,一般,*,*,*,ブンジロウ,yomi,hatuonn,(キャラクター)
ダリー,,,1,名詞,固有名詞,一般,*,*,*,ダリー,yomi,hatuonn,(キャラクター)
タケル,,,1,名詞,固有名詞,一般,*,*,*,タケル,yomi,hatuonn,(キャラクター)
クロコ,,,1,名詞,固有名詞,一般,*,*,*,クロコ,yomi,hatuonn,(キャラクター)
パトラ,,,1,名詞,固有名詞,一般,*,*,*,パトラ,yomi,hatuonn,(キャラクター)
ジミー,,,1,名詞,固有名詞,一般,*,*,*,ジミー,yomi,hatuonn,(キャラクター)
チャンプ,,,1,名詞,固有名詞,一般,*,*,*,チャンプ,yomi,hatuonn,(キャラクター)
アザラク,,,1,名詞,固有名詞,一般,*,*,*,アザラク,yomi,hatuonn,(キャラクター)
タキュ,,,1,名詞,固有名詞,一般,*,*,*,タキュ,yomi,hatuonn,(キャラクター)
ブリトニー,,,1,名詞,固有名詞,一般,*,*,*,ブリトニー,yomi,hatuonn,(キャラクター)
ハイド,,,1,名詞,固有名詞,一般,*,*,*,ハイド,yomi,hatuonn,(キャラクター)
バニラ,,,1,名詞,固有名詞,一般,*,*,*,バニラ,yomi,hatuonn,(キャラクター)
スミモモ,,,1,名詞,固有名詞,一般,*,*,*,スミモモ,yomi,hatuonn,(キャラクター)
ティーナ,,,1,名詞,固有名詞,一般,*,*,*,ティーナ,yomi,hatuonn,(キャラクター)
アンデス,,,1,名詞,固有名詞,一般,*,*,*,アンデス,yomi,hatuonn,(キャラクター)
ちゅんのすけ,,,1,名詞,固有名詞,一般,*,*,*,ちゅんのすけ,yomi,hatuonn,(キャラクター)
さすけ,,,1,名詞,固有名詞,一般,*,*,*,さすけ,yomi,hatuonn,(キャラクター)
マリリン,,,1,名詞,固有名詞,一般,*,*,*,マリリン,yomi,hatuonn,(キャラクター)
キンカク,,,1,名詞,固有名詞,一般,*,*,*,キンカク,yomi,hatuonn,(キャラクター)
ボブ,,,1,名詞,固有名詞,一般,*,*,*,ボブ,yomi,hatuonn,(キャラクター)
ロボ,,,1,名詞,固有名詞,一般,*,*,*,ロボ,yomi,hatuonn,(キャラクター)
マリー,,,1,名詞,固有名詞,一般,*,*,*,マリー,yomi,hatuonn,(キャラクター)
ケイン,,,1,名詞,固有名詞,一般,*,*,*,ケイン,yomi,hatuonn,(キャラクター)
ドサコ,,,1,名詞,固有名詞,一般,*,*,*,ドサコ,yomi,hatuonn,(キャラクター)
かぶきち,,,1,名詞,固有名詞,一般,*,*,*,かぶきち,yomi,hatuonn,(キャラクター)
ナターシャ,,,1,名詞,固有名詞,一般,*,*,*,ナターシャ,yomi,hatuonn,(キャラクター)
マイク,,,1,名詞,固有名詞,一般,*,*,*,マイク,yomi,hatuonn,(キャラクター)
ヘルツ,,,1,名詞,固有名詞,一般,*,*,*,ヘルツ,yomi,hatuonn,(キャラクター)
シルブプレ,,,1,名詞,固有名詞,一般,*,*,*,シルブプレ,yomi,hatuonn,(キャラクター)
ビネガー,,,1,名詞,固有名詞,一般,*,*,*,ビネガー,yomi,hatuonn,(キャラクター)
パーチク,,,1,名詞,固有名詞,一般,*,*,*,パーチク,yomi,hatuonn,(キャラクター)
スナイル,,,1,名詞,固有名詞,一般,*,*,*,スナイル,yomi,hatuonn,(キャラクター)
マミィ,,,1,名詞,固有名詞,一般,*,*,*,マミィ,yomi,hatuonn,(キャラクター)
リカルド,,,1,名詞,固有名詞,一般,*,*,*,リカルド,yomi,hatuonn,(キャラクター)
サルモンティ,,,1,名詞,固有名詞,一般,*,*,*,サルモンティ,yomi,hatuonn,(キャラクター)
ひでよし,,,1,名詞,固有名詞,一般,*,*,*,ひでよし,yomi,hatuonn,(キャラクター)
エレフィン,,,1,名詞,固有名詞,一般,*,*,*,エレフィン,yomi,hatuonn,(キャラクター)
アリア,,,1,名詞,固有名詞,一般,*,*,*,アリア,yomi,hatuonn,(キャラクター)
バンタム,,,1,名詞,固有名詞,一般,*,*,*,バンタム,yomi,hatuonn,(キャラクター)
ギンカク,,,1,名詞,固有名詞,一般,*,*,*,ギンカク,yomi,hatuonn,(キャラクター)
マスカラス,,,1,名詞,固有名詞,一般,*,*,*,マスカラス,yomi,hatuonn,(キャラクター)
コユキ,,,1,名詞,固有名詞,一般,*,*,*,コユキ,yomi,hatuonn,(キャラクター)
ツンドラ,,,1,名詞,固有名詞,一般,*,*,*,ツンドラ,yomi,hatuonn,(キャラクター)
チーズ,,,1,名詞,固有名詞,一般,*,*,*,チーズ,yomi,hatuonn,(キャラクター)
ペチカ,,,1,名詞,固有名詞,一般,*,*,*,ペチカ,yomi,hatuonn,(キャラクター)
ハルマキ,,,1,名詞,固有名詞,一般,*,*,*,ハルマキ,yomi,hatuonn,(キャラクター)
シベリア,,,1,名詞,固有名詞,一般,*,*,*,シベリア,yomi,hatuonn,(キャラクター)
チーフ,,,1,名詞,固有名詞,一般,*,*,*,チーフ,yomi,hatuonn,(キャラクター)
チャス,,,1,名詞,固有名詞,一般,*,*,*,チャス,yomi,hatuonn,(キャラクター)
しのぶ,,,1,名詞,固有名詞,一般,*,*,*,しのぶ,yomi,hatuonn,(キャラクター)
タックン,,,1,名詞,固有名詞,一般,*,*,*,タックン,yomi,hatuonn,(キャラクター)
クロベエ,,,1,名詞,固有名詞,一般,*,*,*,クロベエ,yomi,hatuonn,(キャラクター)
ルナ,,,1,名詞,固有名詞,一般,*,*,*,ルナ,yomi,hatuonn,(キャラクター)
バーバラ,,,1,名詞,固有名詞,一般,*,*,*,バーバラ,yomi,hatuonn,(キャラクター)
キャラメル,,,1,名詞,固有名詞,一般,*,*,*,キャラメル,yomi,hatuonn,(キャラクター)
イザベラ,,,1,名詞,固有名詞,一般,*,*,*,イザベラ,yomi,hatuonn,(キャラクター)
ノルマン,,,1,名詞,固有名詞,一般,*,*,*,ノルマン,yomi,hatuonn,(キャラクター)
のりお,,,1,名詞,固有名詞,一般,*,*,*,のりお,yomi,hatuonn,(キャラクター)
クッチャネ,,,1,名詞,固有名詞,一般,*,*,*,クッチャネ,yomi,hatuonn,(キャラクター)
もんじゃ,,,1,名詞,固有名詞,一般,*,*,*,もんじゃ,yomi,hatuonn,(キャラクター)
モニカ,,,1,名詞,固有名詞,一般,*,*,*,モニカ,yomi,hatuonn,(キャラクター)
ジャック,,,1,名詞,固有名詞,一般,*,*,*,ジャック,yomi,hatuonn,(キャラクター)
リアーナ,,,1,名詞,固有名詞,一般,*,*,*,リアーナ,yomi,hatuonn,(キャラクター)
ちゃちゃまる,,,1,名詞,固有名詞,一般,*,*,*,ちゃちゃまる,yomi,hatuonn,(キャラクター)
みすず,,,1,名詞,固有名詞,一般,*,*,*,みすず,yomi,hatuonn,(キャラクター)
キャンディ,,,1,名詞,固有名詞,一般,*,*,*,キャンディ,yomi,hatuonn,(キャラクター)
パンクス,,,1,名詞,固有名詞,一般,*,*,*,パンクス,yomi,hatuonn,(キャラクター)
レム,,,1,名詞,固有名詞,一般,*,*,*,レム,yomi,hatuonn,(キャラクター)
