ショボいオノ,,,1,名詞,固有名詞,*,*,*,*,*,yomi,hatuonn,(レシピアイテム)
ショボいつりざお,,,1,名詞,固有名詞,*,*,*,*,*,yomi,hatuonn,(レシピアイテム)
ショボいあみ,,,1,名詞,固有名詞,*,*,*,*,*,yomi,hatuonn,(レシピアイテム)
たかとびぼう,,,1,名詞,固有名詞,*,*,*,*,*,yomi,hatuonn,(レシピアイテム)
ショボいジョウロ,,,1,名詞,固有名詞,*,*,*,*,*,yomi,hatuonn,(レシピアイテム)
パチンコ,,,1,名詞,固有名詞,*,*,*,*,*,yomi,hatuonn,(レシピアイテム)
はしご,,,1,名詞,固有名詞,*,*,*,*,*,yomi,hatuonn,(レシピアイテム)
いしのオノ,,,1,名詞,固有名詞,*,*,*,*,*,yomi,hatuonn,(レシピアイテム)
オノ,,,1,名詞,固有名詞,*,*,*,*,*,yomi,hatuonn,(レシピアイテム)
スコップ,,,1,名詞,固有名詞,*,*,*,*,*,yomi,hatuonn,(レシピアイテム)
つりざお,,,1,名詞,固有名詞,*,*,*,*,*,yomi,hatuonn,(レシピアイテム)
あみ,,,1,名詞,固有名詞,*,*,*,*,*,yomi,hatuonn,(レシピアイテム)
ジョウロ,,,1,名詞,固有名詞,*,*,*,*,*,yomi,hatuonn,(レシピアイテム)
スターなステッキ,,,1,名詞,固有名詞,*,*,*,*,*,yomi,hatuonn,(レシピアイテム)
かいがらのステッキ,,,1,名詞,固有名詞,*,*,*,*,*,yomi,hatuonn,(レシピアイテム)
たけのステッキ,,,1,名詞,固有名詞,*,*,*,*,*,yomi,hatuonn,(レシピアイテム)
こおりのステッキ,,,1,名詞,固有名詞,*,*,*,*,*,yomi,hatuonn,(レシピアイテム)
きんのオノ,,,1,名詞,固有名詞,*,*,*,*,*,yomi,hatuonn,(レシピアイテム)
きんのジョウロ,,,1,名詞,固有名詞,*,*,*,*,*,yomi,hatuonn,(レシピアイテム)
きんのスコップ,,,1,名詞,固有名詞,*,*,*,*,*,yomi,hatuonn,(レシピアイテム)
きんのつりざお,,,1,名詞,固有名詞,*,*,*,*,*,yomi,hatuonn,(レシピアイテム)
きんのパチンコ,,,1,名詞,固有名詞,*,*,*,*,*,yomi,hatuonn,(レシピアイテム)
イースターなステッキ,,,1,名詞,固有名詞,*,*,*,*,*,yomi,hatuonn,(レシピアイテム)
もくせいサイドテーブル,,,1,名詞,固有名詞,*,*,*,*,*,yomi,hatuonn,(レシピアイテム)
バターかくはんき,,,1,名詞,固有名詞,*,*,*,*,*,yomi,hatuonn,(レシピアイテム)
こけむしたにわいし,,,1,名詞,固有名詞,*,*,*,*,*,yomi,hatuonn,(レシピアイテム)
たる,,,1,名詞,固有名詞,*,*,*,*,*,yomi,hatuonn,(レシピアイテム)
アイアンガーデンテーブル,,,1,名詞,固有名詞,*,*,*,*,*,yomi,hatuonn,(レシピアイテム)
ながしそうめん,,,1,名詞,固有名詞,*,*,*,*,*,yomi,hatuonn,(レシピアイテム)
まるたのベンチ,,,1,名詞,固有名詞,*,*,*,*,*,yomi,hatuonn,(レシピアイテム)
まるたのダイニングテーブル,,,1,名詞,固有名詞,*,*,*,*,*,yomi,hatuonn,(レシピアイテム)
パームツリーランプ,,,1,名詞,固有名詞,*,*,*,*,*,yomi,hatuonn,(レシピアイテム)
マンホール,,,1,名詞,固有名詞,*,*,*,*,*,yomi,hatuonn,(レシピアイテム)
せきひ,,,1,名詞,固有名詞,*,*,*,*,*,yomi,hatuonn,(レシピアイテム)
しょうはブロック,,,1,名詞,固有名詞,*,*,*,*,*,yomi,hatuonn,(レシピアイテム)
せかいのみちしるべ,,,1,名詞,固有名詞,*,*,*,*,*,yomi,hatuonn,(レシピアイテム)
おちば,,,1,名詞,固有名詞,*,*,*,*,*,yomi,hatuonn,(レシピアイテム)
そぼくなDIYさぎょうだい,,,1,名詞,固有名詞,*,*,*,*,*,yomi,hatuonn,(レシピアイテム)
たいまつ,,,1,名詞,固有名詞,*,*,*,*,*,yomi,hatuonn,(レシピアイテム)
まるたのくい,,,1,名詞,固有名詞,*,*,*,*,*,yomi,hatuonn,(レシピアイテム)
すばこ,,,1,名詞,固有名詞,*,*,*,*,*,yomi,hatuonn,(レシピアイテム)
たきび,,,1,名詞,固有名詞,*,*,*,*,*,yomi,hatuonn,(レシピアイテム)
もくせいのすがたみ,,,1,名詞,固有名詞,*,*,*,*,*,yomi,hatuonn,(レシピアイテム)
もくせいミニテーブル,,,1,名詞,固有名詞,*,*,*,*,*,yomi,hatuonn,(レシピアイテム)
ショボいスコップ,,,1,名詞,固有名詞,*,*,*,*,*,yomi,hatuonn,(レシピアイテム)
もくせいローテーブル,,,1,名詞,固有名詞,*,*,*,*,*,yomi,hatuonn,(レシピアイテム)
もくば,,,1,名詞,固有名詞,*,*,*,*,*,yomi,hatuonn,(レシピアイテム)
てっこつ,,,1,名詞,固有名詞,*,*,*,*,*,yomi,hatuonn,(レシピアイテム)
きいろのおちば,,,1,名詞,固有名詞,*,*,*,*,*,yomi,hatuonn,(レシピアイテム)
ベンチブランコ,,,1,名詞,固有名詞,*,*,*,*,*,yomi,hatuonn,(レシピアイテム)
ロッキングチェア,,,1,名詞,固有名詞,*,*,*,*,*,yomi,hatuonn,(レシピアイテム)
つみきコンポ,,,1,名詞,固有名詞,*,*,*,*,*,yomi,hatuonn,(レシピアイテム)
つみきブックシェルフ,,,1,名詞,固有名詞,*,*,*,*,*,yomi,hatuonn,(レシピアイテム)
つみきチェア,,,1,名詞,固有名詞,*,*,*,*,*,yomi,hatuonn,(レシピアイテム)
ちいさなDIYさぎょうだい,,,1,名詞,固有名詞,*,*,*,*,*,yomi,hatuonn,(レシピアイテム)
つみきのおもちゃ,,,1,名詞,固有名詞,*,*,*,*,*,yomi,hatuonn,(レシピアイテム)
せんたくおけ,,,1,名詞,固有名詞,*,*,*,*,*,yomi,hatuonn,(レシピアイテム)
いしのスツール,,,1,名詞,固有名詞,*,*,*,*,*,yomi,hatuonn,(レシピアイテム)
ほしくさのベッド,,,1,名詞,固有名詞,*,*,*,*,*,yomi,hatuonn,(レシピアイテム)
はしのこうじキット,,,1,名詞,固有名詞,*,*,*,*,*,yomi,hatuonn,(レシピアイテム)
ものほしロープ,,,1,名詞,固有名詞,*,*,*,*,*,yomi,hatuonn,(レシピアイテム)
もくせいチェア,,,1,名詞,固有名詞,*,*,*,*,*,yomi,hatuonn,(レシピアイテム)
もくせいシングルベッド,,,1,名詞,固有名詞,*,*,*,*,*,yomi,hatuonn,(レシピアイテム)
まるたのスツール,,,1,名詞,固有名詞,*,*,*,*,*,yomi,hatuonn,(レシピアイテム)
まるたのガーデンベッド,,,1,名詞,固有名詞,*,*,*,*,*,yomi,hatuonn,(レシピアイテム)
つみきテーブル,,,1,名詞,固有名詞,*,*,*,*,*,yomi,hatuonn,(レシピアイテム)
ナチュラルなガーデンチェア,,,1,名詞,固有名詞,*,*,*,*,*,yomi,hatuonn,(レシピアイテム)
ナチュラルなガーデンテーブル,,,1,名詞,固有名詞,*,*,*,*,*,yomi,hatuonn,(レシピアイテム)
いしのテーブル,,,1,名詞,固有名詞,*,*,*,*,*,yomi,hatuonn,(レシピアイテム)
バードバス,,,1,名詞,固有名詞,*,*,*,*,*,yomi,hatuonn,(レシピアイテム)
リンゴのチェア,,,1,名詞,固有名詞,*,*,*,*,*,yomi,hatuonn,(レシピアイテム)
リンゴのテレビ,,,1,名詞,固有名詞,*,*,*,*,*,yomi,hatuonn,(レシピアイテム)
さくらんぼのランプ,,,1,名詞,固有名詞,*,*,*,*,*,yomi,hatuonn,(レシピアイテム)
ダンボールチェア,,,1,名詞,固有名詞,*,*,*,*,*,yomi,hatuonn,(レシピアイテム)
おり,,,1,名詞,固有名詞,*,*,*,*,*,yomi,hatuonn,(レシピアイテム)
そぼくなもくせいかんばん,,,1,名詞,固有名詞,*,*,*,*,*,yomi,hatuonn,(レシピアイテム)
あきかんカリンバ,,,1,名詞,固有名詞,*,*,*,*,*,yomi,hatuonn,(レシピアイテム)
そぼくなせんめんだい,,,1,名詞,固有名詞,*,*,*,*,*,yomi,hatuonn,(レシピアイテム)
もくぎょ,,,1,名詞,固有名詞,*,*,*,*,*,yomi,hatuonn,(レシピアイテム)
いしがま,,,1,名詞,固有名詞,*,*,*,*,*,yomi,hatuonn,(レシピアイテム)
アイアンウォールランプ,,,1,名詞,固有名詞,*,*,*,*,*,yomi,hatuonn,(レシピアイテム)
アイアンウッドキッチン,,,1,名詞,固有名詞,*,*,*,*,*,yomi,hatuonn,(レシピアイテム)
いろり,,,1,名詞,固有名詞,*,*,*,*,*,yomi,hatuonn,(レシピアイテム)
もくせいテーブルミラー,,,1,名詞,固有名詞,*,*,*,*,*,yomi,hatuonn,(レシピアイテム)
ひくいにわいし,,,1,名詞,固有名詞,*,*,*,*,*,yomi,hatuonn,(レシピアイテム)
どら,,,1,名詞,固有名詞,*,*,*,*,*,yomi,hatuonn,(レシピアイテム)
かいがらのリース,,,1,名詞,固有名詞,*,*,*,*,*,yomi,hatuonn,(レシピアイテム)
ハリボテのいけがき,,,1,名詞,固有名詞,*,*,*,*,*,yomi,hatuonn,(レシピアイテム)
もくせいのくずかご,,,1,名詞,固有名詞,*,*,*,*,*,yomi,hatuonn,(レシピアイテム)
すやきのしょっき,,,1,名詞,固有名詞,*,*,*,*,*,yomi,hatuonn,(レシピアイテム)
アイアンワークテーブル,,,1,名詞,固有名詞,*,*,*,*,*,yomi,hatuonn,(レシピアイテム)
もくせいテーブル,,,1,名詞,固有名詞,*,*,*,*,*,yomi,hatuonn,(レシピアイテム)
ダンボールソファ,,,1,名詞,固有名詞,*,*,*,*,*,yomi,hatuonn,(レシピアイテム)
たけのくるまどめ,,,1,名詞,固有名詞,*,*,*,*,*,yomi,hatuonn,(レシピアイテム)
オレンジのかべかけどけい,,,1,名詞,固有名詞,*,*,*,*,*,yomi,hatuonn,(レシピアイテム)
モモのチェア,,,1,名詞,固有名詞,*,*,*,*,*,yomi,hatuonn,(レシピアイテム)
アイアンハンガースタンド,,,1,名詞,固有名詞,*,*,*,*,*,yomi,hatuonn,(レシピアイテム)
たけのスピーカー,,,1,名詞,固有名詞,*,*,*,*,*,yomi,hatuonn,(レシピアイテム)
ダンボールベッド,,,1,名詞,固有名詞,*,*,*,*,*,yomi,hatuonn,(レシピアイテム)
アイアンウッドワゴン,,,1,名詞,固有名詞,*,*,*,*,*,yomi,hatuonn,(レシピアイテム)
つみきチェスト,,,1,名詞,固有名詞,*,*,*,*,*,yomi,hatuonn,(レシピアイテム)
かかし,,,1,名詞,固有名詞,*,*,*,*,*,yomi,hatuonn,(レシピアイテム)
いしのみずうけ,,,1,名詞,固有名詞,*,*,*,*,*,yomi,hatuonn,(レシピアイテム)
パンジーのテーブル,,,1,名詞,固有名詞,*,*,*,*,*,yomi,hatuonn,(レシピアイテム)
そり,,,1,名詞,固有名詞,*,*,*,*,*,yomi,hatuonn,(レシピアイテム)
もくせいダブルベッド,,,1,名詞,固有名詞,*,*,*,*,*,yomi,hatuonn,(レシピアイテム)
まるたのベッド,,,1,名詞,固有名詞,*,*,*,*,*,yomi,hatuonn,(レシピアイテム)
つみきスツール,,,1,名詞,固有名詞,*,*,*,*,*,yomi,hatuonn,(レシピアイテム)
たぬきのおきもの,,,1,名詞,固有名詞,*,*,*,*,*,yomi,hatuonn,(レシピアイテム)
サウナストーブ,,,1,名詞,固有名詞,*,*,*,*,*,yomi,hatuonn,(レシピアイテム)
よくあるにわいし,,,1,名詞,固有名詞,*,*,*,*,*,yomi,hatuonn,(レシピアイテム)
ダンボールテーブル,,,1,名詞,固有名詞,*,*,*,*,*,yomi,hatuonn,(レシピアイテム)
かいがらのふんすい,,,1,名詞,固有名詞,*,*,*,*,*,yomi,hatuonn,(レシピアイテム)
えんげいワゴン,,,1,名詞,固有名詞,*,*,*,*,*,yomi,hatuonn,(レシピアイテム)
ガーデンベンチ,,,1,名詞,固有名詞,*,*,*,*,*,yomi,hatuonn,(レシピアイテム)
てっこう,,,1,名詞,固有名詞,*,*,*,*,*,yomi,hatuonn,(レシピアイテム)
アイアンクロゼット,,,1,名詞,固有名詞,*,*,*,*,*,yomi,hatuonn,(レシピアイテム)
たけのスクリーン,,,1,名詞,固有名詞,*,*,*,*,*,yomi,hatuonn,(レシピアイテム)
かいがらのスツール,,,1,名詞,固有名詞,*,*,*,*,*,yomi,hatuonn,(レシピアイテム)
ようほうばこ,,,1,名詞,固有名詞,*,*,*,*,*,yomi,hatuonn,(レシピアイテム)
ドラムかんぶろ,,,1,名詞,固有名詞,*,*,*,*,*,yomi,hatuonn,(レシピアイテム)
かさたて,,,1,名詞,固有名詞,*,*,*,*,*,yomi,hatuonn,(レシピアイテム)
たけのシェルフ,,,1,名詞,固有名詞,*,*,*,*,*,yomi,hatuonn,(レシピアイテム)
たけのスツール,,,1,名詞,固有名詞,*,*,*,*,*,yomi,hatuonn,(レシピアイテム)
たかいにわいし,,,1,名詞,固有名詞,*,*,*,*,*,yomi,hatuonn,(レシピアイテム)
アイアンガーデンベンチ,,,1,名詞,固有名詞,*,*,*,*,*,yomi,hatuonn,(レシピアイテム)
アイアンシェルフ,,,1,名詞,固有名詞,*,*,*,*,*,yomi,hatuonn,(レシピアイテム)
バーベル,,,1,名詞,固有名詞,*,*,*,*,*,yomi,hatuonn,(レシピアイテム)
ハリボテのき,,,1,名詞,固有名詞,*,*,*,*,*,yomi,hatuonn,(レシピアイテム)
チューリップのビックリばこ,,,1,名詞,固有名詞,*,*,*,*,*,yomi,hatuonn,(レシピアイテム)
バラのベッド,,,1,名詞,固有名詞,*,*,*,*,*,yomi,hatuonn,(レシピアイテム)
かいがらのベッド,,,1,名詞,固有名詞,*,*,*,*,*,yomi,hatuonn,(レシピアイテム)
たけのベンチ,,,1,名詞,固有名詞,*,*,*,*,*,yomi,hatuonn,(レシピアイテム)
おちばのたきび,,,1,名詞,固有名詞,*,*,*,*,*,yomi,hatuonn,(レシピアイテム)
とうろう,,,1,名詞,固有名詞,*,*,*,*,*,yomi,hatuonn,(レシピアイテム)
キノコのスツール,,,1,名詞,固有名詞,*,*,*,*,*,yomi,hatuonn,(レシピアイテム)
せきしし,,,1,名詞,固有名詞,*,*,*,*,*,yomi,hatuonn,(レシピアイテム)
かいがらのアーチ,,,1,名詞,固有名詞,*,*,*,*,*,yomi,hatuonn,(レシピアイテム)
こおりのはしら,,,1,名詞,固有名詞,*,*,*,*,*,yomi,hatuonn,(レシピアイテム)
DIYさぎょうだい,,,1,名詞,固有名詞,*,*,*,*,*,yomi,hatuonn,(レシピアイテム)
アイアンウッドローテーブル,,,1,名詞,固有名詞,*,*,*,*,*,yomi,hatuonn,(レシピアイテム)
こおりのイス,,,1,名詞,固有名詞,*,*,*,*,*,yomi,hatuonn,(レシピアイテム)
こおりのアーチ,,,1,名詞,固有名詞,*,*,*,*,*,yomi,hatuonn,(レシピアイテム)
こおりのアート,,,1,名詞,固有名詞,*,*,*,*,*,yomi,hatuonn,(レシピアイテム)
こおりのテーブル,,,1,名詞,固有名詞,*,*,*,*,*,yomi,hatuonn,(レシピアイテム)
こおりのカウンター,,,1,名詞,固有名詞,*,*,*,*,*,yomi,hatuonn,(レシピアイテム)
こおりのベッド,,,1,名詞,固有名詞,*,*,*,*,*,yomi,hatuonn,(レシピアイテム)
だんゆきだるま,,,1,名詞,固有名詞,*,*,*,*,*,yomi,hatuonn,(レシピアイテム)
さくらのえだ,,,1,名詞,固有名詞,*,*,*,*,*,yomi,hatuonn,(レシピアイテム)
みどりのおちば,,,1,名詞,固有名詞,*,*,*,*,*,yomi,hatuonn,(レシピアイテム)
あかいおちば,,,1,名詞,固有名詞,*,*,*,*,*,yomi,hatuonn,(レシピアイテム)
こおりのパーテーション,,,1,名詞,固有名詞,*,*,*,*,*,yomi,hatuonn,(レシピアイテム)
こおりのツリー,,,1,名詞,固有名詞,*,*,*,*,*,yomi,hatuonn,(レシピアイテム)
ふめんだい,,,1,名詞,固有名詞,*,*,*,*,*,yomi,hatuonn,(レシピアイテム)
オレンジのサイドテーブル,,,1,名詞,固有名詞,*,*,*,*,*,yomi,hatuonn,(レシピアイテム)
アイアンガーデンチェア,,,1,名詞,固有名詞,*,*,*,*,*,yomi,hatuonn,(レシピアイテム)
たけのビックリばこ,,,1,名詞,固有名詞,*,*,*,*,*,yomi,hatuonn,(レシピアイテム)
さくらのはなびらのやま,,,1,名詞,固有名詞,*,*,*,*,*,yomi,hatuonn,(レシピアイテム)
イースターなアーチ,,,1,名詞,固有名詞,*,*,*,*,*,yomi,hatuonn,(レシピアイテム)
イースターなスツール,,,1,名詞,固有名詞,*,*,*,*,*,yomi,hatuonn,(レシピアイテム)
イースターなクロゼット,,,1,名詞,固有名詞,*,*,*,*,*,yomi,hatuonn,(レシピアイテム)
イースターなテーブル,,,1,名詞,固有名詞,*,*,*,*,*,yomi,hatuonn,(レシピアイテム)
イースターなドレッサー,,,1,名詞,固有名詞,*,*,*,*,*,yomi,hatuonn,(レシピアイテム)
イースターなバルーンA,,,1,名詞,固有名詞,*,*,*,*,*,yomi,hatuonn,(レシピアイテム)
イースターなバルーンB,,,1,名詞,固有名詞,*,*,*,*,*,yomi,hatuonn,(レシピアイテム)
イースターなベッド,,,1,名詞,固有名詞,*,*,*,*,*,yomi,hatuonn,(レシピアイテム)
トナカイのイルミネーション,,,1,名詞,固有名詞,*,*,*,*,*,yomi,hatuonn,(レシピアイテム)
ししおどし,,,1,名詞,固有名詞,*,*,*,*,*,yomi,hatuonn,(レシピアイテム)
たけのかご,,,1,名詞,固有名詞,*,*,*,*,*,yomi,hatuonn,(レシピアイテム)
フライパン,,,1,名詞,固有名詞,*,*,*,*,*,yomi,hatuonn,(レシピアイテム)
とうきジャグ,,,1,名詞,固有名詞,*,*,*,*,*,yomi,hatuonn,(レシピアイテム)
かめ,,,1,名詞,固有名詞,*,*,*,*,*,yomi,hatuonn,(レシピアイテム)
さくらんぼのスピーカー,,,1,名詞,固有名詞,*,*,*,*,*,yomi,hatuonn,(レシピアイテム)
たにくしょくぶつ,,,1,名詞,固有名詞,*,*,*,*,*,yomi,hatuonn,(レシピアイテム)
モモのビックリばこ,,,1,名詞,固有名詞,*,*,*,*,*,yomi,hatuonn,(レシピアイテム)
ねんどのおもちゃ,,,1,名詞,固有名詞,*,*,*,*,*,yomi,hatuonn,(レシピアイテム)
たけのキャンドルホルダー,,,1,名詞,固有名詞,*,*,*,*,*,yomi,hatuonn,(レシピアイテム)
アネモネのせんぷうき,,,1,名詞,固有名詞,*,*,*,*,*,yomi,hatuonn,(レシピアイテム)
ゴミぶくろ,,,1,名詞,固有名詞,*,*,*,*,*,yomi,hatuonn,(レシピアイテム)
ちいさなきのみのツリー,,,1,名詞,固有名詞,*,*,*,*,*,yomi,hatuonn,(レシピアイテム)
とうきのジャグ,,,1,名詞,固有名詞,*,*,*,*,*,yomi,hatuonn,(レシピアイテム)
かいがらのスピーカー,,,1,名詞,固有名詞,*,*,*,*,*,yomi,hatuonn,(レシピアイテム)
ヒヤシンスのランプ,,,1,名詞,固有名詞,*,*,*,*,*,yomi,hatuonn,(レシピアイテム)
もくせいのこうぐばこ,,,1,名詞,固有名詞,*,*,*,*,*,yomi,hatuonn,(レシピアイテム)
カッティングボード,,,1,名詞,固有名詞,*,*,*,*,*,yomi,hatuonn,(レシピアイテム)
マガジンラック,,,1,名詞,固有名詞,*,*,*,*,*,yomi,hatuonn,(レシピアイテム)
ざっしのたば,,,1,名詞,固有名詞,*,*,*,*,*,yomi,hatuonn,(レシピアイテム)
きんのスカラベ,,,1,名詞,固有名詞,*,*,*,*,*,yomi,hatuonn,(レシピアイテム)
クリスマスキャンドル,,,1,名詞,固有名詞,*,*,*,*,*,yomi,hatuonn,(レシピアイテム)
つまれたほん,,,1,名詞,固有名詞,*,*,*,*,*,yomi,hatuonn,(レシピアイテム)
やじろべえ,,,1,名詞,固有名詞,*,*,*,*,*,yomi,hatuonn,(レシピアイテム)
フルーツバスケット,,,1,名詞,固有名詞,*,*,*,*,*,yomi,hatuonn,(レシピアイテム)
テラリウム,,,1,名詞,固有名詞,*,*,*,*,*,yomi,hatuonn,(レシピアイテム)
アイスキャンディー,,,1,名詞,固有名詞,*,*,*,*,*,yomi,hatuonn,(レシピアイテム)
たけのこランプ,,,1,名詞,固有名詞,*,*,*,*,*,yomi,hatuonn,(レシピアイテム)
アロマポット,,,1,名詞,固有名詞,*,*,*,*,*,yomi,hatuonn,(レシピアイテム)
ウクレレ,,,1,名詞,固有名詞,*,*,*,*,*,yomi,hatuonn,(レシピアイテム)
イースターなランプ,,,1,名詞,固有名詞,*,*,*,*,*,yomi,hatuonn,(レシピアイテム)
マツのぼんさい,,,1,名詞,固有名詞,*,*,*,*,*,yomi,hatuonn,(レシピアイテム)
たけがき,,,1,名詞,固有名詞,*,*,*,*,*,yomi,hatuonn,(レシピアイテム)
たけのべんとうばこ,,,1,名詞,固有名詞,*,*,*,*,*,yomi,hatuonn,(レシピアイテム)
かせきのドアプレート,,,1,名詞,固有名詞,*,*,*,*,*,yomi,hatuonn,(レシピアイテム)
きのえだのリース,,,1,名詞,固有名詞,*,*,*,*,*,yomi,hatuonn,(レシピアイテム)
オーナメントのリース,,,1,名詞,固有名詞,*,*,*,*,*,yomi,hatuonn,(レシピアイテム)
ユリのリース,,,1,名詞,固有名詞,*,*,*,*,*,yomi,hatuonn,(レシピアイテム)
かべかけのはっぱ,,,1,名詞,固有名詞,*,*,*,*,*,yomi,hatuonn,(レシピアイテム)
パンジーのリース,,,1,名詞,固有名詞,*,*,*,*,*,yomi,hatuonn,(レシピアイテム)
チューリップのリース,,,1,名詞,固有名詞,*,*,*,*,*,yomi,hatuonn,(レシピアイテム)
バラのリース,,,1,名詞,固有名詞,*,*,*,*,*,yomi,hatuonn,(レシピアイテム)
ヒヤシンスのリース,,,1,名詞,固有名詞,*,*,*,*,*,yomi,hatuonn,(レシピアイテム)
アイアンウッドクロック,,,1,名詞,固有名詞,*,*,*,*,*,yomi,hatuonn,(レシピアイテム)
キノコのリース,,,1,名詞,固有名詞,*,*,*,*,*,yomi,hatuonn,(レシピアイテム)
ゆきのけっしょうのリース,,,1,名詞,固有名詞,*,*,*,*,*,yomi,hatuonn,(レシピアイテム)
ハンギングテラリウム,,,1,名詞,固有名詞,*,*,*,*,*,yomi,hatuonn,(レシピアイテム)
コスモスのリース,,,1,名詞,固有名詞,*,*,*,*,*,yomi,hatuonn,(レシピアイテム)
アイアンウォールラック,,,1,名詞,固有名詞,*,*,*,*,*,yomi,hatuonn,(レシピアイテム)
いちまいいたのかんばん,,,1,名詞,固有名詞,*,*,*,*,*,yomi,hatuonn,(レシピアイテム)
にくきゅうのドアプレート,,,1,名詞,固有名詞,*,*,*,*,*,yomi,hatuonn,(レシピアイテム)
ファンシーなバラのリース,,,1,名詞,固有名詞,*,*,*,*,*,yomi,hatuonn,(レシピアイテム)
まるたのかべかけどけい,,,1,名詞,固有名詞,*,*,*,*,*,yomi,hatuonn,(レシピアイテム)
ポップなパンジーのリース,,,1,名詞,固有名詞,*,*,*,*,*,yomi,hatuonn,(レシピアイテム)
オーナメントのモビール,,,1,名詞,固有名詞,*,*,*,*,*,yomi,hatuonn,(レシピアイテム)
アイアンなドアプレート,,,1,名詞,固有名詞,*,*,*,*,*,yomi,hatuonn,(レシピアイテム)
ヤシのウォールプランター,,,1,名詞,固有名詞,*,*,*,*,*,yomi,hatuonn,(レシピアイテム)
しかのオブジェ,,,1,名詞,固有名詞,*,*,*,*,*,yomi,hatuonn,(レシピアイテム)
オーナメントのモービル,,,1,名詞,固有名詞,*,*,*,*,*,yomi,hatuonn,(レシピアイテム)
イースターなウォールクロック,,,1,名詞,固有名詞,*,*,*,*,*,yomi,hatuonn,(レシピアイテム)
イースターなライトガーランド,,,1,名詞,固有名詞,*,*,*,*,*,yomi,hatuonn,(レシピアイテム)
イースターなリース,,,1,名詞,固有名詞,*,*,*,*,*,yomi,hatuonn,(レシピアイテム)
きのみのモービル,,,1,名詞,固有名詞,*,*,*,*,*,yomi,hatuonn,(レシピアイテム)
さくらクロック,,,1,名詞,固有名詞,*,*,*,*,*,yomi,hatuonn,(レシピアイテム)
たけのいちりんざし,,,1,名詞,固有名詞,*,*,*,*,*,yomi,hatuonn,(レシピアイテム)
てっこつのかべ,,,1,名詞,固有名詞,*,*,*,*,*,yomi,hatuonn,(レシピアイテム)
ダークなよせぎのかべ,,,1,名詞,固有名詞,*,*,*,*,*,yomi,hatuonn,(レシピアイテム)
バンブーなかべ,,,1,名詞,固有名詞,*,*,*,*,*,yomi,hatuonn,(レシピアイテム)
ふしありウッドウォール,,,1,名詞,固有名詞,*,*,*,*,*,yomi,hatuonn,(レシピアイテム)
ダークなバンブーラグ,,,1,名詞,固有名詞,*,*,*,*,*,yomi,hatuonn,(レシピアイテム)
オレンジのかべがみ,,,1,名詞,固有名詞,*,*,*,*,*,yomi,hatuonn,(レシピアイテム)
マンガライブラリーなかべ,,,1,名詞,固有名詞,*,*,*,*,*,yomi,hatuonn,(レシピアイテム)
みなものゆか,,,1,名詞,固有名詞,*,*,*,*,*,yomi,hatuonn,(レシピアイテム)
ナシのかべがみ,,,1,名詞,固有名詞,*,*,*,*,*,yomi,hatuonn,(レシピアイテム)
リンゴのかべがみ,,,1,名詞,固有名詞,*,*,*,*,*,yomi,hatuonn,(レシピアイテム)
ゲレンデなかべがみ,,,1,名詞,固有名詞,*,*,*,*,*,yomi,hatuonn,(レシピアイテム)
アイスなかべがみ,,,1,名詞,固有名詞,*,*,*,*,*,yomi,hatuonn,(レシピアイテム)
アイスなゆか,,,1,名詞,固有名詞,*,*,*,*,*,yomi,hatuonn,(レシピアイテム)
ライトなバンブーラグ,,,1,名詞,固有名詞,*,*,*,*,*,yomi,hatuonn,(レシピアイテム)
みなみのうみなかべ,,,1,名詞,固有名詞,*,*,*,*,*,yomi,hatuonn,(レシピアイテム)
うみのそこのゆか,,,1,名詞,固有名詞,*,*,*,*,*,yomi,hatuonn,(レシピアイテム)
りゅうひょうのゆか,,,1,名詞,固有名詞,*,*,*,*,*,yomi,hatuonn,(レシピアイテム)
ちくりんのかべ,,,1,名詞,固有名詞,*,*,*,*,*,yomi,hatuonn,(レシピアイテム)
イースターなかべがみ,,,1,名詞,固有名詞,*,*,*,*,*,yomi,hatuonn,(レシピアイテム)
イースターなゆか,,,1,名詞,固有名詞,*,*,*,*,*,yomi,hatuonn,(レシピアイテム)
イースターなラグ,,,1,名詞,固有名詞,*,*,*,*,*,yomi,hatuonn,(レシピアイテム)
さくらのウッドフローリング,,,1,名詞,固有名詞,*,*,*,*,*,yomi,hatuonn,(レシピアイテム)
さくらのウッドウォール,,,1,名詞,固有名詞,*,*,*,*,*,yomi,hatuonn,(レシピアイテム)
さくらのじゅうたん,,,1,名詞,固有名詞,*,*,*,*,*,yomi,hatuonn,(レシピアイテム)
バンブーなゆか,,,1,名詞,固有名詞,*,*,*,*,*,yomi,hatuonn,(レシピアイテム)
はっぱのかさ,,,1,名詞,固有名詞,*,*,*,*,*,yomi,hatuonn,(レシピアイテム)
リサイクルながぐつ,,,1,名詞,固有名詞,*,*,*,*,*,yomi,hatuonn,(レシピアイテム)
みどりのこしみの,,,1,名詞,固有名詞,*,*,*,*,*,yomi,hatuonn,(レシピアイテム)
さんどがざ,,,1,名詞,固有名詞,*,*,*,*,*,yomi,hatuonn,(レシピアイテム)
せおいばしご,,,1,名詞,固有名詞,*,*,*,*,*,yomi,hatuonn,(レシピアイテム)
かさぼうし,,,1,名詞,固有名詞,*,*,*,*,*,yomi,hatuonn,(レシピアイテム)
オレンジのぼうし,,,1,名詞,固有名詞,*,*,*,*,*,yomi,hatuonn,(レシピアイテム)
しょいこ,,,1,名詞,固有名詞,*,*,*,*,*,yomi,hatuonn,(レシピアイテム)
ナシのふく,,,1,名詞,固有名詞,*,*,*,*,*,yomi,hatuonn,(レシピアイテム)
モモのかさ,,,1,名詞,固有名詞,*,*,*,*,*,yomi,hatuonn,(レシピアイテム)
さくらんぼのかさ,,,1,名詞,固有名詞,*,*,*,*,*,yomi,hatuonn,(レシピアイテム)
オレンジのふく,,,1,名詞,固有名詞,*,*,*,*,*,yomi,hatuonn,(レシピアイテム)
ナシのぼうし,,,1,名詞,固有名詞,*,*,*,*,*,yomi,hatuonn,(レシピアイテム)
ゆきだるまのぼうし,,,1,名詞,固有名詞,*,*,*,*,*,yomi,hatuonn,(レシピアイテム)
さくらのかさ,,,1,名詞,固有名詞,*,*,*,*,*,yomi,hatuonn,(レシピアイテム)
かいがらポシェット,,,1,名詞,固有名詞,*,*,*,*,*,yomi,hatuonn,(レシピアイテム)
スノーフレークポシェット,,,1,名詞,固有名詞,*,*,*,*,*,yomi,hatuonn,(レシピアイテム)
イースターなかんむり,,,1,名詞,固有名詞,*,*,*,*,*,yomi,hatuonn,(レシピアイテム)
まるたのさく,,,1,名詞,固有名詞,*,*,*,*,*,yomi,hatuonn,(レシピアイテム)
ようふうのさく,,,1,名詞,固有名詞,*,*,*,*,*,yomi,hatuonn,(レシピアイテム)
レンガのカベ,,,1,名詞,固有名詞,*,*,*,*,*,yomi,hatuonn,(レシピアイテム)
ゆうしてっせん,,,1,名詞,固有名詞,*,*,*,*,*,yomi,hatuonn,(レシピアイテム)
よこいたのさく,,,1,名詞,固有名詞,*,*,*,*,*,yomi,hatuonn,(レシピアイテム)
オリエンタルなさく,,,1,名詞,固有名詞,*,*,*,*,*,yomi,hatuonn,(レシピアイテム)
てつのさく,,,1,名詞,固有名詞,*,*,*,*,*,yomi,hatuonn,(レシピアイテム)
ラティス,,,1,名詞,固有名詞,*,*,*,*,*,yomi,hatuonn,(レシピアイテム)
ペグとロープ,,,1,名詞,固有名詞,*,*,*,*,*,yomi,hatuonn,(レシピアイテム)
オカリナ,,,1,名詞,固有名詞,*,*,*,*,*,yomi,hatuonn,(レシピアイテム)
サカナのまきエサ,,,1,名詞,固有名詞,*,*,*,*,*,yomi,hatuonn,(レシピアイテム)
おくすり,,,1,名詞,固有名詞,*,*,*,*,*,yomi,hatuonn,(レシピアイテム)
ほしのすなはまのゆか,,,1,名詞,固有名詞,*,*,*,*,*,yomi,hatuonn,(レシピアイテム)
すいちゅうのかべがみ,,,1,名詞,固有名詞,*,*,*,*,*,yomi,hatuonn,(レシピアイテム)
ウッディなかべ,,,1,名詞,固有名詞,*,*,*,*,*,yomi,hatuonn,(レシピアイテム)
ちかしつのゆか,,,1,名詞,固有名詞,*,*,*,*,*,yomi,hatuonn,(レシピアイテム)
ゴミのやまなかべ,,,1,名詞,固有名詞,*,*,*,*,*,yomi,hatuonn,(レシピアイテム)
おへやのゆか,,,1,名詞,固有名詞,*,*,*,*,*,yomi,hatuonn,(レシピアイテム)
ハチミツなゆか,,,1,名詞,固有名詞,*,*,*,*,*,yomi,hatuonn,(レシピアイテム)
てっぱんのゆか,,,1,名詞,固有名詞,*,*,*,*,*,yomi,hatuonn,(レシピアイテム)
ワイルドウッドのかべ,,,1,名詞,固有名詞,*,*,*,*,*,yomi,hatuonn,(レシピアイテム)
キクのかんむり,,,1,名詞,固有名詞,*,*,*,*,*,yomi,hatuonn,(レシピアイテム)
バラのかんむり,,,1,名詞,固有名詞,*,*,*,*,*,yomi,hatuonn,(レシピアイテム)
いしかべ,,,1,名詞,固有名詞,*,*,*,*,*,yomi,hatuonn,(レシピアイテム)
せいろ,,,1,名詞,固有名詞,*,*,*,*,*,yomi,hatuonn,(レシピアイテム)
おはなみセット,,,1,名詞,固有名詞,*,*,*,*,*,yomi,hatuonn,(レシピアイテム)
おはなみのちょうちん,,,1,名詞,固有名詞,*,*,*,*,*,yomi,hatuonn,(レシピアイテム)
さくらのステッキ,,,1,名詞,固有名詞,*,*,*,*,*,yomi,hatuonn,(レシピアイテム)
さくらなみきのかべ,,,1,名詞,固有名詞,*,*,*,*,*,yomi,hatuonn,(レシピアイテム)
パンフルート,,,1,名詞,固有名詞,*,*,*,*,*,yomi,hatuonn,(レシピアイテム)
しょいこ,,,1,名詞,固有名詞,*,*,*,*,*,yomi,hatuonn,(レシピアイテム)
さくらのえだ,,,1,名詞,固有名詞,*,*,*,*,*,yomi,hatuonn,(レシピアイテム)
たけのこランプ,,,1,名詞,固有名詞,*,*,*,*,*,yomi,hatuonn,(レシピアイテム)
たけのステッキ,,,1,名詞,固有名詞,*,*,*,*,*,yomi,hatuonn,(レシピアイテム)
みどりのおちば,,,1,名詞,固有名詞,*,*,*,*,*,yomi,hatuonn,(レシピアイテム)
ライトなバンブーラグ,,,1,名詞,固有名詞,*,*,*,*,*,yomi,hatuonn,(レシピアイテム)
さくらのかさ,,,1,名詞,固有名詞,*,*,*,*,*,yomi,hatuonn,(レシピアイテム)
ちくりんのかべ,,,1,名詞,固有名詞,*,*,*,*,*,yomi,hatuonn,(レシピアイテム)
たけのビックリばこ,,,1,名詞,固有名詞,*,*,*,*,*,yomi,hatuonn,(レシピアイテム)
さくらのはなびらのやま,,,1,名詞,固有名詞,*,*,*,*,*,yomi,hatuonn,(レシピアイテム)
さくらのウッドフローリング,,,1,名詞,固有名詞,*,*,*,*,*,yomi,hatuonn,(レシピアイテム)
さくらのウッドウォール,,,1,名詞,固有名詞,*,*,*,*,*,yomi,hatuonn,(レシピアイテム)
さくらのじゅうたん,,,1,名詞,固有名詞,*,*,*,*,*,yomi,hatuonn,(レシピアイテム)
さくらクロック,,,1,名詞,固有名詞,*,*,*,*,*,yomi,hatuonn,(レシピアイテム)
かいがらのステッキ,,,1,名詞,固有名詞,*,*,*,*,*,yomi,hatuonn,(レシピアイテム)
みなみのうみなかべ,,,1,名詞,固有名詞,*,*,*,*,*,yomi,hatuonn,(レシピアイテム)
うみのそこのゆか,,,1,名詞,固有名詞,*,*,*,*,*,yomi,hatuonn,(レシピアイテム)
かいがらポシェット,,,1,名詞,固有名詞,*,*,*,*,*,yomi,hatuonn,(レシピアイテム)
おちば,,,1,名詞,固有名詞,*,*,*,*,*,yomi,hatuonn,(レシピアイテム)
きいろのおちば,,,1,名詞,固有名詞,*,*,*,*,*,yomi,hatuonn,(レシピアイテム)
おちばのたきび,,,1,名詞,固有名詞,*,*,*,*,*,yomi,hatuonn,(レシピアイテム)
やじろべえ,,,1,名詞,固有名詞,*,*,*,*,*,yomi,hatuonn,(レシピアイテム)
あかいおちば,,,1,名詞,固有名詞,*,*,*,*,*,yomi,hatuonn,(レシピアイテム)
きのみのモービル,,,1,名詞,固有名詞,*,*,*,*,*,yomi,hatuonn,(レシピアイテム)
マツのぼんさい,,,1,名詞,固有名詞,*,*,*,*,*,yomi,hatuonn,(レシピアイテム)
こおりのはしら,,,1,名詞,固有名詞,*,*,*,*,*,yomi,hatuonn,(レシピアイテム)
ゲレンデなかべがみ,,,1,名詞,固有名詞,*,*,*,*,*,yomi,hatuonn,(レシピアイテム)
こおりのイス,,,1,名詞,固有名詞,*,*,*,*,*,yomi,hatuonn,(レシピアイテム)
アイスキャンディー,,,1,名詞,固有名詞,*,*,*,*,*,yomi,hatuonn,(レシピアイテム)
こおりのアーチ,,,1,名詞,固有名詞,*,*,*,*,*,yomi,hatuonn,(レシピアイテム)
こおりのアート,,,1,名詞,固有名詞,*,*,*,*,*,yomi,hatuonn,(レシピアイテム)
こおりのテーブル,,,1,名詞,固有名詞,*,*,*,*,*,yomi,hatuonn,(レシピアイテム)
こおりのカウンター,,,1,名詞,固有名詞,*,*,*,*,*,yomi,hatuonn,(レシピアイテム)
こおりのベッド,,,1,名詞,固有名詞,*,*,*,*,*,yomi,hatuonn,(レシピアイテム)
アイスなかべがみ,,,1,名詞,固有名詞,*,*,*,*,*,yomi,hatuonn,(レシピアイテム)
だんゆきだるま,,,1,名詞,固有名詞,*,*,*,*,*,yomi,hatuonn,(レシピアイテム)
ゆきだるまのぼうし,,,1,名詞,固有名詞,*,*,*,*,*,yomi,hatuonn,(レシピアイテム)
アイスなゆか,,,1,名詞,固有名詞,*,*,*,*,*,yomi,hatuonn,(レシピアイテム)
こおりのパーテーション,,,1,名詞,固有名詞,*,*,*,*,*,yomi,hatuonn,(レシピアイテム)
りゅうひょうのゆか,,,1,名詞,固有名詞,*,*,*,*,*,yomi,hatuonn,(レシピアイテム)
こおりのツリー,,,1,名詞,固有名詞,*,*,*,*,*,yomi,hatuonn,(レシピアイテム)
こおりのステッキ,,,1,名詞,固有名詞,*,*,*,*,*,yomi,hatuonn,(レシピアイテム)
スノーフレークポシェット,,,1,名詞,固有名詞,*,*,*,*,*,yomi,hatuonn,(レシピアイテム)
オーナメントのモービル,,,1,名詞,固有名詞,*,*,*,*,*,yomi,hatuonn,(レシピアイテム)
トナカイのイルミネーション,,,1,名詞,固有名詞,*,*,*,*,*,yomi,hatuonn,(レシピアイテム)
